0,0.0
1,0.0,-13.6
2,0.0,-54.42,-77.86
3,0.0,-122.21,-196.66,-202.0
4,0.0,-217.23,-369.92,-388.05,-396.0
5,0.0,-340.05,-598.2,-636.02,-659.06,-667.0
6,0.0,-489.8,-880.65,-945.02,-991.0,-1015.01,-1025.0
7,0.0,-666.48,-1217.3,-1315.06,-1390.06,-1437.08,-1467.0,-1480.0
8,0.0,-871.0,-1609.07,-1747.05,-1858.05,-1935.08,-1990.03,-2024.09,-2036.0
9,0.0,-1102.41,-2055.04,-2240.08,-2394.08,-2508.09,-2595.08,-2658.0,-2691.03,-2707.0
10,0.0,-1361.6,-2556.12,-2795.07,-2999.05,-3157.04,-3283.04,-3380.02,-3442.0,-3481.03,-3501.0
11,0.0,-1648.51,-3112.31,-3412.02,-3672.06,-3881.02,-4053.03,-4191.05,-4288.07,-4358.06,-4404.03,-4409.0
12,0.0,-1962.21,-3722.71,-4090.05,-4414.04,-4680.05,-4905.05,-5092.0,-5231.04,-5339.01,-5417.06,-5432.03,-5439.0
13,0.0,-2303.56,-4388.22,-4830.07,-5224.09,-5555.05,-5840.02,-6081.07,-6270.04,-6422.06,-6541.0,-6569.01,-6586.06,-6592.0
14,0.0,-2672.49,-5108.82,-5632.08,-6104.03,-6506.01,-6857.04,-7160.08,-7405.06,-7609.03,-7774.05,-7819.02,-7851.02,-7866.09,-7874.0
15,0.0,-3069.86,-5885.42,-6497.0,-7052.07,-7532.07,-7957.04,-8329.05,-8637.03,-8899.03,-9118.02,-9182.07,-9232.05,-9262.0,-9281.02,-9291.0
16,0.0,-3493.79,-6716.21,-7423.04,-8070.03,-8635.03,-9140.04,-9587.09,-9965.06,-10292.08,-10572.02,-10659.07,-10730.05,-10777.01,-10811.02,-10834.0,-10843.0
17,0.0,-3946.02,-7602.99,-8412.03,-9157.02,-9814.02,-10406.04,-10936.02,-11390.07,-11789.09,-12136.07,-12250.03,-12345.03,-12412.01,-12464.06,-12503.06,-12526.0,-12537.0
18,0.0,-4425.59,-8544.86,-9463.07,-10313.06,-11069.06,-11755.09,-12374.07,-12912.09,-13390.09,-13811.09,-13954.08,-14077.0,-14167.04,-14241.03,-14299.08,-14339.0,-14365.04,-14380.0
19,0.0,-4933.31,-9542.71,-10577.08,-11539.07,-12401.07,-13188.09,-13903.04,-14532.02,-15096.0,-15598.0,-15773.02,-15925.09,-16042.09,-16141.05,-16222.06,-16282.0,-16326.04,-16356.09,-16360.0
20,0.0,-5469.1,-10596.53,-11754.09,-12835.07,-13810.06,-14705.07,-15522.08,-16249.01,-16905.04,-17495.03,-17706.0,-17892.02,-18038.09,-18165.03,-18272.03,-18355.0,-18420.07,-18470.05,-18481.09,-18487.0
21,0.0,-6033.75,-11707.21,-12995.0,-14201.09,-15296.07,-16306.07,-17233.0,-18063.07,-18819.05,-19504.0,-19753.02,-19976.01,-20155.07,-20313.01,-20448.09,-20558.02,-20648.05,-20720.08,-20744.06,-20756.08,-20762.0
22,0.0,-6625.41,-12872.97,-14298.05,-15638.04,-16860.02,-17992.0,-19034.03,-19976.04,-20838.04,-21624.04,-21915.03,-22178.0,-22393.06,-22585.0,-22752.08,-22891.08,-23009.09,-23107.09,-23150.01,-23176.07,-23189.06,-23195.0
23,0.0,-7245.73,-14095.56,-15665.04,-17145.06,-18501.04,-19762.01,-20927.01,-21987.05,-22962.05,-23856.09,-24192.06,-24498.01,-24752.08,-24981.04,-25184.03,-25356.02,-25505.0,-25632.0,-25696.02,-25742.0,-25770.02,-25783.05,-25789.000000000004
24,0.0,-7894.65,-15375.01,-17096.02,-18723.06,-20220.05,-21617.01,-22911.06,-24097.02,-25192.02,-26201.07,-26585.02,-26936.07,-27233.07,-27502.05,-27743.06,-27951.04,-28134.03,-28293.03,-28382.09,-28451.05,-28499.05,-28529.03,-28544.04,-28550.00000000004
25,0.0,-8571.13,-16710.39,-18590.09,-20372.08,-22017.09,-23557.05,-24988.02,-26305.09,-27527.07,-28659.02,-29093.07,-29494.04,-29836.07,-30148.08,-30431.01,-30678.01,-30898.0,-31092.02,-31210.04,-31305.01,-31376.06,-31426.07,-31459.02,-31474.01,-31480.0
26,0.0,-9276.87,-18103.51,-20149.09,-22093.05,-23894.0,-25583.06,-27157.02,-28614.01,-29969.04,-31229.07,-31718.04,-32171.03,-32562.01,-32920.07,-33247.02,-33536.04,-33796.05,-34029.0,-34179.0,-34303.01,-34401.03,-34475.05,-34529.02,-34557.04,-34572.07,-34579.0
27,0.0,-10011.73,-19554.34,-21773.04,-23885.08,-25848.09,-27695.07,-29419.01,-31022.0,-32517.07,-33913.07,-34459.07,-34967.09,-35410.04,-35818.06,-36192.03,-36526.08,-36830.02,-37104.01,-37289.0,-37445.08,-37574.0,-37675.05,-37754.0,-37803.02,-37834.04,-37848.06,-37856.00000009
28,0.0,-10774.71,-21062.0,-23461.08,-25750.03,-27883.01,-29894.03,-31774.03,-33530.0,-35173.01,-36711.05,-37317.09,-37884.07,-38381.09,-38842.08,-39266.08,-39649.07,-39999.06,-40317.08,-40540.09,-40733.04,-40894.08,-41027.01,-41133.07,-41207.06,-41260.06,-41293.02,-41308.02,-41316.0000004
29,0.0,-11567.44,-22628.25,-25215.02,-27687.01,-29997.0,-32179.08,-34223.02,-36138.07,-37935.08,-39623.06,-40293.05,-40922.0,-41477.02,-41993.09,-42471.02,-42905.07,-43305.0,-43670.07,-43935.01,-44166.05,-44364.03,-44530.04,-44668.05,-44770.05,-44848.09,-44903.09,-44937.09,-44955.02,-44961.000007
30,0.0,-12388.9,-24252.19,-27034.0,-29696.07,-32190.09,-34552.07,-36766.03,-38848.03,-40806.04,-42650.04,-43387.0,-44080.04,-44696.06,-45272.03,-45805.09,-46295.01,-46746.09,-47163.02,-47471.09,-47745.04,-47982.08,-48185.09,-48358.07,-48492.0,-48599.03,-48680.04,-48737.04,-48774.04,-48791.02,-48799.0
31,0.0,-13238.94,-25933.82,-28918.06,-31779.03,-34465.03,-37013.02,-39404.0,-41659.05,-43785.03,-45792.03,-46598.09,-47360.03,-48040.07,-48678.06,-49271.06,-49818.05,-50325.09,-50795.09,-51152.0,-51470.06,-51750.07,-51994.01,-52204.06,-52372.07,-52512.02,-52622.07,-52706.03,-52767.01,-52796.07,-52815.04,-52821.0
32,0.0,-14119.21,-27674.93,-30869.03,-33935.05,-36820.05,-39562.0,-42136.08,-44572.05,-46873.01,-49049.09,-49929.06,-50762.02,-51510.01,-52213.02,-52868.06,-53476.05,-54042.05,-54569.02,-54975.09,-55342.07,-55668.06,-55955.03,-56206.08,-56412.07,-56587.07,-56731.0,-56844.07,-56932.09,-56977.05,-57009.07,-57024.09,-57032.003
33,0.0,-15028.63,-29474.58,-32886.03,-36165.05,-39257.0,-42199.05,-44965.02,-47588.0,-50070.01,-52423.06,-53379.06,-54286.07,-55105.02,-55876.08,-56597.07,-57269.05,-57897.02,-58483.07,-58944.0,-59362.02,-59736.09,-60070.01,-60365.06,-60612.07,-60826.03,-61005.07,-61152.08,-61271.08,-61333.05,-61381.03,-61408.09,-61426.09,-61436.02
34,0.0,-15967.96,-31333.69,-34970.02,-38469.09,-41775.03,-44926.02,-47889.07,-50706.05,-53376.09,-55914.0,-56949.06,-57934.04,-58826.06,-59670.0,-60459.03,-61198.01,-61890.06,-62540.0,-63057.0,-63529.06,-63956.03,-64339.0,-64681.07,-64973.0,-65228.05,-65447.02,-65631.0,-65784.02,-65864.09,-65930.05,-65972.07,-66003.06,-66024.02,-66032.0
35,0.0,-16937.0,-33252.23,-37121.02,-40848.09,-44375.08,-47742.06,-50910.09,-53928.04,-56794.0,-59521.06,-60640.0,-61705.07,-62674.09,-63593.02,-64454.01,-65263.0,-66023.04,-66738.07,-67315.05,-67845.06,-68327.04,-68762.07,-69155.06,-69494.03,-69794.08,-70055.09,-70279.07,-70470.03,-70572.01,-70657.03,-70716.02,-70762.04,-70796.06,-70816.09,-70827.0
36,0.0,-17935.58,-35230.19,-39339.07,-43303.02,-47059.0,-50649.03,-54029.03,-57254.04,-60322.01,-63247.0,-64451.05,-65601.03,-66650.08,-67647.02,-68582.07,-69464.08,-70296.01,-71080.05,-71720.02,-72310.09,-72850.07,-73341.07,-73788.0,-74177.01,-74525.08,-74832.05,-75099.04,-75330.07,-75455.04,-75562.03,-75639.08,-75703.04,-75753.04,-75787.08,-75810.09,-75824.0
37,0.0,-18965.33,-37269.36,-41626.02,-45833.0,-49825.05,-53646.08,-57245.05,-60685.0,-63961.07,-67090.07,-68384.06,-69621.08,-70754.08,-71832.05,-72845.08,-73804.02,-74709.05,-75565.09,-76271.06,-76925.09,-77527.0,-78076.08,-78579.04,-79022.01,-79422.01,-79777.06,-80090.06,-80365.09,-80515.03,-80645.08,-80744.0,-80826.08,-80894.07,-80945.04,-80983.04,-81009.06,-81013.0
38,0.0,-20025.11,-39368.83,-43981.02,-48439.0,-52675.08,-56735.08,-60560.01,-64220.09,-67713.05,-71053.05,-72440.0,-73767.09,-74987.07,-76150.01,-77244.02,-78281.08,-79264.02,-80195.08,-80970.05,-81691.06,-82356.09,-82968.06,-83530.06,-84030.0,-84484.03,-84891.07,-85254.01,-85576.04,-85752.05,-85908.05,-86029.02,-86133.03,-86220.09,-86290.01,-86345.0,-86386.08,-86397.03,-86402.0
39,0.0,-21114.76,-41528.57,-46404.09,-51121.06,-55610.04,-59916.08,-63973.06,-67862.06,-71577.09,-75136.0,-76618.03,-78040.03,-79350.01,-80600.04,-81778.04,-82898.04,-83960.09,-84970.08,-85817.06,-86608.05,-87341.01,-88017.08,-88642.02,-89201.05,-89713.02,-90175.05,-90590.05,-90962.09,-91167.06,-91350.09,-91496.01,-91623.04,-91732.06,-91822.01,-91896.01,-91955.06,-91975.02,-91986.04,-91991.0
40,0.0,-22236.75,-43751.28,-48898.0,-53881.04,-58630.0,-63190.05,-67486.08,-71610.08,-75555.08,-79338.07,-80920.03,-82439.06,-83842.08,-85184.02,-86449.02,-87654.07,-88800.04,-89891.07,-90813.06,-91677.04,-92480.05,-93225.02,-93915.0,-94537.02,-95109.05,-95629.09,-96100.04,-96526.01,-96761.01,-96973.07,-97145.02,-97297.06,-97430.03,-97542.02,-97637.02,-97716.04,-97749.08,-97772.01,-97784.04,-97789.00000000006
41,0.0,-23388.15,-46034.23,-51460.08,-56718.08,-61735.01,-66557.05,-71100.03,-75466.02,-79647.08,-83662.05,-85346.07,-86966.06,-88466.04,-89902.04,-91257.05,-92551.05,-93783.05,-94959.02,-95959.04,-96899.02,-97775.07,-98591.05,-99349.08,-100038.0,-100674.0,-101255.05,-101784.07,-102266.08,-102534.0,-102777.07,-102977.04,-103156.07,-103314.07,-103450.09,-103568.08,-103669.07,-103719.02,-103755.09,-103780.01,-103793.02,-103799.0000000001
42,0.0,-24571.44,-48380.1,-54093.08,-59634.04,-64926.03,-70018.06,-74814.07,-79429.05,-83854.06,-88107.09,-89898.01,-91622.0,-93221.08,-94755.06,-96204.0,-97589.05,-98911.0,-100174.01,-101255.07,-102274.06,-103227.07,-104117.07,-104947.03,-105704.06,-106407.04,-107053.0,-107644.0,-108185.06,-108486.09,-108763.05,-108993.03,-109201.04,-109386.06,-109548.09,-109691.06,-109816.01,-109883.08,-109937.02,-109976.04,-110002.04,-110017.05,-110023.000000007
43,0.0,-25786.4,-50788.9,-56797.07,-62628.09,-68204.03,-73574.04,-78630.09,-83501.04,-88176.09,-92675.09,-94575.03,-96406.07,-98109.09,-99744.08,-101289.06,-102769.07,-104183.07,-105537.04,-106703.05,-107804.05,-108837.02,-109804.05,-110708.05,-111538.01,-112310.06,-113023.05,-113679.03,-114283.04,-114620.07,-114932.01,-115193.08,-115432.06,-115646.07,-115837.01,-116006.04,-116156.03,-116244.02,-116316.05,-116372.08,-116414.04,-116443.01,-116457.03,-116462.00000008
44,0.0,-27032.77,-53260.59,-59572.09,-65702.07,-71569.08,-77225.07,-82549.04,-87682.07,-92615.05,-97367.0,-99379.03,-101321.04,-103131.03,-104870.08,-106515.0,-108092.09,-109602.05,-111049.09,-112303.05,-113489.07,-114605.02,-115652.09,-116634.03,-117539.01,-118384.04,-119167.07,-119891.04,-120561.01,-120936.02,-121284.02,-121579.07,-121851.01,-122095.09,-122316.01,-122513.09,-122691.01,-122801.02,-122894.03,-122970.0,-123029.03,-123074.01,-123100.06,-123115.05,-123121.0000008
45,0.0,-28311.17,-55796.05,-62419.09,-68856.07,-75023.05,-80973.03,-86571.03,-91974.01,-97171.03,-102182.03,-104310.07,-106367.0,-108287.01,-110134.05,-111881.03,-113560.0,-115168.03,-116712.05,-118056.07,-119331.03,-120532.05,-121663.07,-122725.05,-123708.06,-124629.09,-125486.05,-126281.02,-127019.06,-127434.03,-127820.09,-128152.0,-128457.08,-128735.02,-128986.09,-129215.0,-129421.04,-129555.06,-129671.04,-129768.04,-129847.06,-129910.07,-129953.04,-129982.08,-129998.09,-130005.000002
46,0.0,-29622.26,-58396.18,-65339.05,-72091.04,-78566.01,-84818.0,-90697.02,-96376.06,-101845.01,-107122.04,-109370.05,-111544.05,-113578.01,-115536.09,-117389.03,-119172.0,-120882.01,-122526.02,-123964.01,-125330.02,-126620.02,-127838.0,-128983.01,-130047.07,-131048.0,-131981.0,-132849.07,-133659.08,-134116.0,-134543.0,-134911.06,-135253.07,-135565.03,-135850.05,-136110.07,-136348.01,-136508.03,-136648.08,-136769.0,-136870.0,-136953.05,-137014.08,-137061.0,-137092.01,-137109.05,-137115.00008
47,0.0,-30965.78,-61060.93,-68332.0,-75407.04,-82198.03,-88760.04,-94927.09,-100890.09,-106637.05,-112188.03,-114559.04,-116854.06,-119005.02,-121078.07,-123040.0,-124929.07,-126744.07,-128491.08,-130026.06,-131487.01,-132869.02,-134176.07,-135408.01,-136557.01,-137639.05,-138651.09,-139597.07,-140482.06,-140982.02,-141451.04,-141859.04,-142239.06,-142587.04,-142907.07,-143201.09,-143472.0,-143660.0,-143827.01,-143972.05,-144097.02,-144203.01,-144285.0,-144350.04,-144398.09,-144431.08,-144451.04,-144457.0008
48,0.0,-32341.46,-63790.3,-71398.01,-78805.05,-85920.09,-92801.06,-99264.03,-105517.08,-111549.06,-117380.07,-119878.05,-122298.03,-124569.03,-126761.01,-128834.03,-130834.02,-132757.02,-134610.05,-136245.02,-137803.03,-139280.05,-140680.08,-142001.04,-143238.01,-144405.05,-145500.05,-146526.03,-147489.01,-148033.09,-148547.03,-148996.04,-149416.07,-149802.03,-150159.06,-150489.05,-150794.02,-151011.09,-151207.04,-151379.08,-151530.03,-151660.04,-151765.0,-151851.06,-151919.07,-151970.05,-152006.03,-152021.09,-152029.002
49,0.0,-33749.83,-66585.16,-74538.06,-82286.04,-89734.08,-96942.04,-103707.04,-110258.04,-116582.04,-122700.08,-125328.07,-127876.07,-130271.06,-132585.02,-134773.04,-136886.06,-138920.08,-140883.02,-142621.0,-144279.09,-145855.02,-147351.05,-148764.03,-150091.07,-151347.02,-152527.07,-153636.07,-154680.03,-155272.03,-155831.06,-156323.09,-156786.0,-157211.03,-157607.04,-157974.07,-158315.08,-158565.0,-158790.07,-158992.01,-159170.01,-159326.04,-159455.06,-159565.05,-159655.03,-159726.02,-159780.06,-159807.02,-159824.02,-159829.05
50,0.0,-35192.42,-69447.28,-77754.0,-85850.09,-93640.07,-101183.08,-108258.0,-115113.06,-121736.07,-128149.04,-130911.01,-133590.07,-136113.01,-138551.09,-140858.04,-143087.09,-145236.04,-147311.02,-149155.01,-150917.09,-152594.05,-154189.08,-155697.09,-157118.09,-158465.06,-159734.07,-160929.09,-162057.04,-162698.04,-163305.06,-163842.09,-164348.08,-164815.04,-165252.0,-165658.06,-166037.09,-166320.04,-166578.02,-166810.03,-167017.08,-167202.01,-167357.09,-167492.09,-167606.04,-167699.06,-167774.07,-167813.09,-167842.05,-167856.04,-167863.0
51,0.0,-36668.08,-72375.77,-81045.01,-89499.06,-97639.05,-105526.06,-112917.01,-120084.02,-127013.05,-133727.05,-136626.04,-139441.03,-142094.08,-144662.03,-147090.01,-149439.02,-151705.01,-153895.04,-155848.06,-157718.03,-159499.03,-161196.08,-162803.01,-164320.09,-165761.08,-167122.05,-168406.09,-169621.04,-170313.03,-170970.03,-171554.04,-172105.09,-172615.08,-173094.07,-173542.03,-173961.05,-174279.01,-174570.08,-174835.05,-175074.03,-175288.04,-175472.06,-175634.07,-175773.09,-175891.03,-175989.03,-176042.06,-176084.03,-176108.08,-176124.09,-176133.0
52,0.0,-38177.35,-75371.45,-84412.03,-93233.03,-101732.0,-109971.07,-117685.06,-125171.02,-132413.07,-139436.0,-142475.08,-145429.07,-148217.07,-150917.06,-153469.09,-155941.06,-158328.0,-160637.0,-162702.06,-164682.04,-166570.09,-168373.06,-170081.02,-171698.08,-173236.09,-174692.02,-176068.09,-177373.04,-178118.01,-178826.08,-179459.07,-180058.07,-180613.06,-181136.05,-181626.09,-182087.09,-182442.04,-182769.08,-183068.09,-183340.07,-183586.05,-183801.0,-183992.01,-184158.09,-184302.05,-184425.02,-184494.02,-184550.04,-184587.02,-184614.03,-184631.09,-184639.0
53,0.0,-39721.55,-78436.15,-87857.0,-97053.03,-105919.06,-114520.07,-122564.09,-130376.01,-137938.08,-145276.04,-148460.08,-151557.02,-154483.03,-157319.02,-159999.01,-162596.06,-165106.08,-167537.05,-169718.06,-171811.07,-173810.08,-175722.0,-177533.07,-179254.02,-180892.06,-182445.06,-183917.06,-185315.01,-186114.05,-186876.08,-187560.03,-188208.07,-188810.03,-189379.01,-189914.01,-190418.05,-190811.08,-191176.07,-191511.09,-191818.07,-192097.08,-192344.05,-192566.05,-192762.08,-192934.04,-193083.09,-193169.08,-193242.01,-193292.06,-193332.03,-193361.02,-193379.0,-193388.0
54,0.0,-41299.6,-81568.9,-91379.03,-100960.0,-110202.07,-119174.0,-127555.06,-135699.05,-143589.04,-151249.04,-154582.0,-157824.06,-160892.06,-163868.0,-166678.07,-169405.02,-172042.02,-174597.08,-176897.06,-179107.0,-181219.09,-183242.06,-185161.07,-186988.0,-188729.06,-190383.03,-191953.07,-193447.03,-194303.03,-195121.01,-195857.01,-196556.09,-197207.0,-197823.03,-198404.07,-198954.04,-199388.02,-199792.04,-200165.06,-200509.01,-200823.04,-201104.01,-201358.08,-201586.03,-201788.0,-201966.01,-202070.03,-202159.09,-202225.06,-202279.05,-202321.02,-202350.08,-202370.06,-202381.0
55,0.0,-42912.88,-84771.49,-94980.02,-104954.04,-114582.06,-123933.0,-132659.01,-141142.07,-149366.09,-157356.02,-160840.08,-164233.03,-167446.08,-170565.04,-173510.01,-176368.07,-179135.07,-181819.04,-184241.0,-186569.08,-188799.06,-190937.01,-192966.04,-194901.06,-196749.06,-198507.0,-200178.07,-201771.04,-202686.0,-203561.03,-204351.07,-205104.08,-205805.02,-206470.08,-207100.03,-207697.01,-208173.01,-208618.04,-209031.04,-209413.04,-209764.06,-210081.01,-210370.03,-210631.0,-210864.05,-211073.02,-211197.0,-211305.03,-211387.06,-211457.0,-211512.09,-211555.08,-211587.08,-211610.0,-211613.0
56,0.0,-44561.04,-88043.9,-98660.06,-109037.04,-119060.01,-128798.07,-137876.05,-146706.08,-155272.03,-163598.01,-167238.04,-170784.05,-174147.01,-177412.06,-180494.05,-183488.03,-186388.05,-189203.05,-191750.0,-194201.05,-196551.04,-198806.06,-200949.03,-202996.04,-204953.07,-206817.09,-208593.09,-210288.08,-211263.09,-212198.06,-213045.04,-213853.06,-214606.01,-215322.08,-216002.02,-216647.08,-217167.09,-217656.01,-218110.06,-218533.0,-218922.09,-219277.0,-219602.05,-219898.01,-220165.02,-220406.03,-220551.0,-220679.04,-220779.06,-220866.0,-220937.04,-220995.01,-221040.08,-221075.07,-221085.0,-221089.00000000003
57,0.0,-46245.45,-91387.89,-102421.03,-113210.0,-123636.04,-133772.04,-143208.08,-152393.0,-161307.0,-169976.02,-173776.0,-177479.05,-180995.01,-184411.02,-187633.04,-190765.07,-193802.02,-196751.05,-199426.02,-202003.05,-204476.05,-206852.07,-209111.08,-211273.08,-213343.05,-215317.04,-217200.09,-219000.09,-220038.05,-221034.05,-221939.06,-222805.0,-223611.03,-224380.08,-225111.09,-225808.01,-226374.0,-226906.09,-227404.07,-227869.03,-228299.05,-228693.0,-229056.07,-229389.01,-229691.06,-229967.0,-230133.08,-230283.05,-230403.0,-230507.07,-230596.0,-230669.09,-230730.07,-230779.07,-230797.09,-230808.03,-230812.0000000006
58,0.0,-47965.7,-94803.42,-106263.01,-117473.02,-128312.07,-138855.03,-148657.06,-158202.07,-167472.01,-176492.0,-180455.0,-184319.08,-187992.0,-191562.04,-194928.01,-198202.01,-201378.01,-204465.0,-207270.09,-209977.02,-212576.05,-215076.09,-217455.05,-219735.04,-221920.04,-224007.01,-226001.01,-227909.03,-229011.03,-230070.06,-231036.0,-231960.04,-232822.03,-233646.04,-234430.09,-235179.05,-235793.01,-236372.04,-236915.03,-237423.09,-237896.02,-238330.09,-238734.04,-239105.04,-239445.02,-239756.06,-239946.09,-240119.03,-240259.02,-240383.06,-240490.01,-240581.05,-240658.08,-240723.03,-240758.05,-240776.08,-240788.0,-240792.000000003
59,0.0,-49722.3,-98291.38,-110187.01,-121828.0,-133090.01,-144048.06,-154223.08,-164137.0,-173769.0,-183146.05,-187276.08,-191306.06,-195139.02,-198867.09,-202380.03,-205799.0,-209117.07,-212345.04,-215285.08,-218124.01,-220853.0,-223480.06,-225981.07,-228382.05,-230685.09,-232888.05,-234995.09,-237015.04,-238183.08,-239308.03,-240336.0,-241321.03,-242240.07,-243121.02,-243960.09,-244763.06,-245426.06,-246054.01,-246644.0,-247198.03,-247714.04,-248192.01,-248637.03,-249048.06,-249427.04,-249776.07,-249991.07,-250188.0,-250349.08,-250495.01,-250621.01,-250731.02,-250826.03,-250907.08,-250964.03,-251001.07,-251021.05,-251031.04,-251035.00000008
60,0.0,-51515.69,-101852.61,-114194.0,-126275.06,-137969.07,-149353.07,-159909.0,-170197.03,-180199.01,-189941.03,-194242.06,-198441.03,-202438.03,-206328.09,-209991.02,-213558.0,-217022.06,-220394.02,-223472.02,-226445.08,-229307.03,-232065.04,-234692.01,-237216.08,-239641.06,-241963.0,-244187.0,-246320.07,-247557.06,-248749.04,-249841.02,-250889.05,-251868.0,-252806.07,-253703.04,-254562.0,-255276.02,-255953.06,-256592.02,-257194.0,-257755.08,-258278.02,-258766.08,-259220.02,-259639.09,-260028.08,-260269.08,-260491.03,-260676.02,-260843.07,-260990.04,-261120.06,-261234.08,-261334.05,-261414.07,-261473.08,-261512.08,-261532.06,-261542.07,-261547.0000001
61,0.0,-53345.5,-105487.09,-118284.08,-130816.07,-142952.06,-154771.07,-165714.02,-176384.09,-186763.05,-196877.06,-201353.09,-205725.05,-209890.06,-213947.01,-217762.05,-221480.05,-225094.02,-228612.09,-231831.07,-234943.07,-237941.01,-240832.08,-243588.02,-246239.07,-248789.0,-251232.03,-253575.08,-255826.08,-257134.01,-258395.01,-259553.01,-260666.04,-261705.08,-262704.05,-263659.09,-264576.02,-265343.03,-266072.06,-266761.06,-267412.08,-268021.08,-268590.08,-269124.06,-269621.08,-270084.01,-270514.04,-270782.07,-271030.06,-271239.09,-271431.0,-271599.06,-271751.01,-271885.06,-272004.09,-272111.0,-272194.0,-272254.09,-272294.01,-272313.09,-272324.0,-272328.000006
62,0.0,-55214.1,-109197.47,-122460.01,-135452.03,-148039.08,-160303.08,-171640.07,-182700.08,-193463.04,-203956.05,-208611.07,-213160.01,-217497.04,-221723.06,-225695.04,-229567.08,-233333.07,-237002.09,-240365.06,-243619.02,-246755.07,-249784.01,-252671.03,-255452.06,-258129.04,-260697.06,-263163.07,-265535.0,-266914.07,-268247.01,-269473.02,-270653.05,-271755.06,-272815.09,-273831.09,-274807.07,-275629.05,-276412.04,-277153.06,-277855.09,-278514.0,-279131.02,-279712.0,-280254.08,-280761.04,-281234.09,-281531.07,-281807.04,-282042.04,-282258.03,-282450.0,-282624.0,-282780.01,-282920.02,-283054.02,-283163.04,-283248.05,-283309.06,-283348.09,-283369.08,-283380.02,-283384.00007
63,0.0,-57119.71,-112982.83,-126721.09,-140184.05,-153233.06,-165952.02,-177690.07,-189147.05,-200301.02,-211180.05,-216018.07,-220747.09,-225261.03,-229661.02,-233792.05,-237822.05,-241744.0,-245566.07,-249076.06,-252475.0,-255753.07,-258922.01,-261944.0,-264858.03,-267665.05,-270361.07,-272953.03,-275448.0,-276902.02,-278307.09,-279604.02,-280853.04,-282020.0,-283143.08,-284222.01,-285259.02,-286137.05,-286975.07,-287771.0,-288526.02,-289235.0,-289902.03,-290531.07,-291121.08,-291674.07,-292193.01,-292519.07,-292824.04,-293086.03,-293328.03,-293544.04,-293742.0,-293921.0,-294083.02,-294247.01,-294384.05,-294496.0,-294581.04,-294642.08,-294683.05,-294705.09,-294716.03,-294720.0009
64,0.0,-59064.73,-116845.83,-131070.08,-145014.0,-158534.07,-171718.02,-183865.04,-195726.01,-207278.0,-218550.06,-223575.09,-228490.0,-233183.04,-237761.0,-242055.01,-246246.0,-250326.02,-254305.07,-257965.09,-261512.04,-264936.05,-268248.0,-271407.08,-274457.09,-277398.07,-280225.08,-282946.01,-285567.01,-287097.09,-288578.09,-289947.05,-291267.07,-292500.05,-293689.06,-294832.0,-295932.01,-296868.07,-297764.0,-298615.01,-299425.0,-300186.03,-300905.03,-301585.02,-302224.04,-302825.02,-303390.03,-303748.0,-304083.0,-304373.0,-304642.04,-304884.01,-305106.06,-305309.06,-305495.0,-305690.09,-305858.05,-305998.04,-306110.04,-306196.02,-306259.02,-306301.06,-306321.03,-306332.06,-306337.004
65,0.0,-61049.22,-120787.34,-135508.06,-149942.09,-163945.05,-177603.09,-190167.02,-202438.08,-214396.02,-226069.03,-231285.07,-236388.09,-241266.04,-246025.07,-250485.08,-254840.08,-259083.0,-263222.05,-267036.03,-270734.0,-274306.07,-277764.05,-281065.02,-284254.03,-287331.05,-290292.07,-293144.06,-295895.01,-297504.04,-299062.09,-300505.07,-301898.09,-303199.09,-304455.09,-305664.02,-306829.01,-307825.08,-308780.0,-309688.08,-310555.0,-311370.07,-312143.02,-312875.02,-313565.03,-314215.06,-314829.03,-315219.02,-315585.08,-315905.03,-316203.03,-316471.07,-316720.04,-316948.06,-317158.06,-317388.02,-317588.0,-317758.04,-317899.0,-318011.05,-318099.02,-318164.02,-318199.09,-318217.07,-318228.04,-318233.02
66,0.0,-63072.68,-124806.35,-140034.04,-154970.01,-169465.01,-183608.08,-196595.02,-209285.01,-221655.02,-233736.0,-239147.07,-244444.0,-249509.07,-254454.08,-259084.02,-263606.05,-268013.09,-272316.07,-276287.03,-280139.04,-283863.09,-287471.03,-290915.09,-294246.09,-297463.07,-300561.09,-303548.05,-306431.04,-308121.04,-309759.04,-311278.06,-312746.08,-314117.06,-315442.06,-316718.05,-317950.0,-319008.06,-320023.04,-320991.05,-321916.01,-322787.07,-323615.04,-324401.03,-325144.0,-325845.08,-326509.06,-326933.02,-327332.06,-327682.08,-328010.08,-328307.01,-328583.0,-328837.07,-329073.03,-329338.07,-329572.06,-329775.05,-329946.07,-330087.09,-330202.05,-330292.05,-330350.04,-330388.02,-330408.01,-330417.09,-330422.0
67,0.0,-65137.03,-128906.51,-144652.0,-160099.09,-175097.08,-189737.02,-203154.02,-216269.05,-229059.05,-241555.01,-247166.04,-252660.0,-257918.0,-263053.01,-267855.01,-272548.0,-277123.08,-281593.0,-285723.06,-289733.04,-293612.09,-297373.01,-300964.07,-304440.07,-307800.01,-311038.03,-314162.06,-317181.0,-318953.08,-320673.04,-322271.0,-323816.04,-325258.08,-326654.03,-327999.07,-329299.07,-330421.09,-331499.02,-332528.05,-333513.0,-334442.04,-335327.0,-336168.06,-336965.06,-337720.05,-338436.03,-338894.08,-339328.03,-339710.05,-340069.07,-340395.01,-340699.04,-340981.08,-341244.03,-341547.02,-341817.01,-342054.04,-342258.02,-342430.02,-342573.09,-342690.09,-342773.06,-342833.09,-342872.09,-342891.03,-342902.03,-342907.0
68,0.0,-67240.6,-133085.91,-149360.09,-165331.09,-180843.04,-195989.02,-209843.09,-223391.09,-236609.0,-249526.08,-255341.08,-261037.0,-266491.06,-271820.08,-276798.05,-281665.03,-286412.08,-291051.08,-295345.07,-299516.03,-303554.01,-307470.02,-311211.09,-314835.08,-318340.08,-321722.01,-324987.02,-328144.01,-330001.08,-331805.02,-333483.02,-335107.08,-336623.07,-338091.07,-339508.03,-340878.04,-342066.0,-343207.06,-344299.08,-345346.02,-346335.02,-347278.04,-348177.03,-349030.04,-349840.02,-350609.07,-351104.03,-351573.02,-351988.07,-352380.03,-352736.01,-353070.0,-353381.01,-353671.08,-354014.01,-354321.09,-354595.04,-354833.08,-355038.05,-355213.03,-355359.05,-355469.01,-355554.04,-355616.02,-355654.09,-355672.08,-355683.08,-355688.0
69,0.0,-69386.77,-137349.03,-154163.06,-170668.08,-186704.09,-202367.09,-216667.05,-230655.06,-244307.0,-257654.01,-263677.02,-269578.03,-275233.07,-280761.02,-285918.0,-290961.09,-295884.04,-300696.04,-305156.08,-309491.05,-313690.08,-317766.01,-321660.09,-325435.08,-329089.05,-332616.09,-336025.08,-339324.01,-341269.0,-343158.02,-344918.08,-346624.08,-348215.09,-349758.01,-351247.07,-352689.08,-353944.07,-355152.03,-356309.03,-357419.03,-358469.04,-359473.0,-360431.01,-361342.0,-362208.03,-363033.03,-363565.04,-364070.09,-364521.0,-364946.04,-365333.06,-365698.03,-366039.04,-366359.03,-366742.08,-367090.04,-367402.01,-367676.08,-367916.03,-368124.01,-368301.06,-368440.03,-368552.08,-368639.09,-368701.03,-368739.06,-368758.05,-368769.06,-368774.0
70,0.0,-71573.97,-141693.98,-159059.06,-176110.02,-192681.08,-208873.0,-223625.0,-238060.02,-252153.03,-265936.09,-272172.06,-278283.09,-284144.04,-289874.05,-295213.07,-300438.0,-305538.08,-310527.01,-315157.01,-319659.02,-324023.03,-328261.0,-332311.09,-336240.08,-340046.02,-343722.08,-347278.05,-350721.04,-352755.04,-354732.07,-356578.01,-358375.0,-360035.07,-361653.08,-363218.03,-364734.02,-366058.0,-367333.05,-368557.0,-369732.04,-370845.06,-371911.02,-372930.01,-373900.05,-374825.02,-375707.03,-376278.02,-376821.07,-377307.07,-377768.01,-378187.09,-378584.06,-378956.09,-379307.02,-379733.08,-380122.09,-380474.06,-380787.06,-381063.07,-381306.05,-381517.02,-381687.01,-381829.0,-381943.05,-382030.03,-382091.05,-382130.09,-382151.04,-382162.07,-382167.0
71,0.0,-73803.67,-146123.43,-164051.05,-181658.08,-198777.04,-215507.09,-230719.05,-245609.03,-260151.03,-274378.07,-280831.03,-287157.03,-293227.02,-299164.03,-304689.02,-310097.02,-315379.05,-320547.03,-325350.04,-330023.01,-334555.01,-338958.05,-343168.05,-347254.06,-351214.07,-355043.04,-358748.09,-362339.05,-364464.09,-366532.04,-368464.06,-370339.08,-372086.07,-373782.06,-375423.08,-377015.02,-378409.09,-379754.09,-381046.08,-382289.04,-383467.03,-384596.07,-385678.02,-386709.09,-387694.06,-388635.07,-389246.06,-389829.04,-390352.05,-390849.02,-391302.08,-391732.07,-392137.03,-392519.02,-392990.06,-393423.02,-393816.06,-394169.08,-394484.05,-394764.01,-395009.09,-395213.0,-395386.04,-395530.05,-395644.08,-395731.05,-395794.02,-395835.04,-395855.04,-395868.0,-395872.0
72,0.0,-76077.28,-150640.08,-169142.03,-187318.01,-204995.0,-222276.03,-237954.08,-253306.05,-268304.06,-282983.02,-289657.02,-296202.03,-302486.01,-308634.05,-314348.04,-319943.04,-325410.05,-330761.02,-335740.06,-340587.01,-345290.04,-349862.06,-354234.09,-358481.01,-362598.09,-366582.09,-370441.03,-374182.05,-376401.06,-378561.05,-380582.07,-382545.06,-384373.03,-386148.08,-387868.03,-389537.02,-391004.04,-392420.09,-393782.09,-395094.05,-396338.09,-397533.08,-398679.05,-399774.02,-400820.08,-401822.05,-402474.08,-403098.02,-403659.07,-404194.0,-404682.06,-405146.07,-405584.08,-405999.06,-406517.06,-406995.03,-407432.04,-407827.06,-408182.06,-408501.01,-408783.09,-409022.01,-409229.0,-409404.07,-409548.08,-409663.02,-409751.05,-409816.03,-409846.03,-409870.01,-409883.04,-409889.0
73,0.0,-78394.58,-155243.84,-174332.04,-193088.05,-211335.04,-229179.0,-245331.08,-261152.06,-276614.03,-291751.02,-298651.03,-305420.01,-311922.03,-318286.05,-324192.06,-329977.09,-335633.02,-341170.0,-346328.09,-351352.06,-356230.04,-360974.08,-365512.04,-369921.07,-374200.03,-378342.06,-382356.08,-386251.06,-388566.06,-390821.02,-392933.07,-394986.05,-396896.06,-398753.05,-400553.04,-402301.04,-403843.0,-405332.07,-406766.06,-408149.0,-409461.06,-410723.08,-411935.05,-413095.0,-414205.01,-415269.02,-415964.01,-416629.04,-417230.07,-417803.09,-418328.06,-418828.02,-419301.0,-419749.07,-420316.02,-420840.08,-421323.04,-421762.04,-422159.05,-422518.07,-422840.03,-423115.06,-423357.09,-423567.04,-423743.03,-423887.05,-424003.08,-424094.06,-424135.08,-424176.07,-424199.08,-424213.09,-424219.0000000006
74,0.0,-80754.97,-159933.66,-179620.08,-198969.01,-217798.0,-236215.06,-252850.0,-269147.05,-285080.0,-300682.06,-307813.02,-314810.03,-321535.04,-328119.09,-334221.07,-340200.06,-346047.03,-351773.06,-357115.04,-362319.05,-367375.0,-372294.09,-377000.08,-381576.03,-386018.07,-390322.02,-394495.05,-398547.0,-400960.0,-403311.05,-405517.05,-407662.04,-409656.08,-411597.0,-413478.09,-415308.0,-416925.08,-418490.05,-419998.01,-421453.01,-422835.06,-424166.07,-425446.02,-426672.01,-427847.05,-428975.08,-429714.07,-430423.02,-431065.05,-431679.0,-432241.0,-432777.01,-433285.08,-433769.07,-434386.03,-434959.07,-435489.05,-435974.01,-436415.03,-436817.0,-437179.02,-437493.05,-437773.02,-438018.03,-438228.0,-438404.02,-438550.07,-438669.07,-438723.03,-438783.06,-438820.04,-438845.0,-438859.09,-438865.000000007
75,0.0,-83162.36,-164715.91,-185013.01,-204966.0,-224388.09,-243392.06,-260516.0,-277297.04,-293708.0,-309783.07,-317149.07,-324379.08,-331332.03,-338141.07,-344442.04,-350618.03,-356659.08,-362578.09,-368106.08,-373494.06,-378731.02,-383829.08,-388707.01,-393451.07,-398061.01,-402528.09,-406864.02,-411075.04,-413588.08,-416039.05,-418341.01,-420580.06,-422661.0,-424686.02,-426652.0,-428563.09,-430259.07,-431901.02,-433484.04,-435013.07,-436468.0,-437869.07,-439218.06,-440512.08,-441755.02,-442949.03,-443733.05,-444486.06,-445171.03,-445826.03,-446426.07,-447000.07,-447546.03,-448066.05,-448735.01,-449359.0,-449937.08,-450469.08,-450956.08,-451402.09,-451807.05,-452162.07,-452481.07,-452764.04,-453009.09,-453220.01,-453398.07,-453548.02,-453615.03,-453696.09,-453749.03,-453788.02,-453814.07,-453830.04,-453836.00000002
76,0.0,-85613.91,-169586.81,-190507.03,-211077.02,-231106.05,-250708.04,-268328.03,-285600.09,-302497.01,-319053.02,-326659.03,-334127.0,-341311.07,-348350.07,-354853.07,-361229.09,-367469.05,-373584.07,-379302.0,-384876.09,-390297.08,-395578.04,-400630.01,-405547.0,-410326.02,-414961.05,-419461.07,-423835.07,-426451.09,-429004.0,-431403.06,-433739.06,-435908.0,-438020.01,-440071.06,-442068.01,-443843.07,-445563.09,-447224.04,-448829.09,-450357.06,-451831.07,-453251.09,-454615.09,-455927.0,-457188.07,-458019.06,-458818.06,-459547.0,-460244.09,-460884.09,-461497.08,-462081.06,-462639.02,-463361.05,-464037.08,-464667.04,-465248.06,-465783.02,-466275.05,-466724.02,-467122.02,-467482.03,-467804.06,-468087.08,-468333.09,-468546.08,-468728.07,-468810.04,-468915.02,-468984.09,-469039.07,-469080.06,-469106.01,-469121.08,-469128.0000002
77,0.0,-88112.62,-174551.79,-196108.09,-217308.06,-237956.09,-258169.05,-276293.02,-294064.05,-311453.07,-328497.06,-336348.05,-344058.08,-351480.04,-358753.07,-365462.03,-372042.02,-378483.03,-384797.09,-390707.09,-396473.01,-402081.07,-407547.06,-412776.07,-417869.0,-422821.01,-427626.08,-432295.01,-436834.09,-439556.01,-442211.09,-444711.08,-447146.08,-449404.09,-451605.07,-453744.07,-455827.07,-457685.0,-459485.06,-461225.02,-462908.08,-464511.06,-466059.08,-467552.09,-468988.05,-470370.02,-471701.02,-472580.01,-473426.03,-474199.07,-474941.09,-475622.07,-476275.06,-476898.08,-477495.0,-478272.08,-479003.01,-479685.03,-480317.04,-480901.05,-481441.07,-481936.04,-482379.0,-482782.01,-483145.07,-483468.05,-483752.05,-484001.07,-484218.01,-484315.04,-484445.02,-484533.05,-484606.0,-484662.09,-484702.09,-484730.05,-484746.08,-484753.000008
78,0.0,-90660.03,-179612.56,-201818.04,-223661.0,-244941.0,-265777.0,-284412.0,-302689.04,-320578.09,-338117.09,-346218.07,-354176.04,-361839.08,-369352.01,-376269.08,-383056.07,-389702.06,-396220.0,-402326.01,-408285.0,-414084.06,-419739.0,-425148.06,-430419.02,-435547.04,-440526.05,-445365.09,-450074.06,-452903.01,-455665.01,-458267.05,-460803.08,-463153.05,-465444.08,-467673.02,-469844.05,-471785.01,-473668.0,-475488.06,-477252.0,-478931.07,-480555.07,-482123.04,-483632.05,-485086.03,-486488.04,-487416.07,-488311.05,-489131.03,-489919.0,-490641.07,-491335.09,-491999.06,-492635.06,-493470.06,-494256.07,-494993.02,-495678.0,-496313.04,-496903.04,-497445.07,-497934.07,-498382.07,-498789.05,-499153.08,-499477.06,-499764.09,-500017.09,-500131.08,-500288.03,-500396.07,-500488.03,-500562.08,-500619.03,-500662.01,-500691.0,-500707.05,-500715.00002
79,0.0,-93253.81,-184766.25,-207634.07,-230133.02,-252058.0,-273530.04,-292684.01,-311475.01,-329872.03,-347914.0,-356269.05,-364479.06,-372389.06,-380145.09,-387275.09,-394273.02,-401127.03,-407851.0,-414156.05,-420312.03,-426306.02,-432152.05,-437745.07,-443197.07,-448504.09,-453660.05,-458674.01,-463554.06,-466492.09,-469363.04,-472070.07,-474710.06,-477153.07,-479537.04,-481857.0,-484118.03,-486144.03,-488111.02,-490014.07,-491859.06,-493618.0,-495319.06,-496963.06,-498547.08,-500075.05,-501550.03,-502529.04,-503474.02,-504341.07,-505176.04,-505942.02,-506678.08,-507384.01,-508061.01,-508955.0,-509798.07,-510591.03,-511330.06,-512018.09,-512660.05,-513252.03,-513789.05,-514284.01,-514735.09,-515143.05,-515509.0,-515836.04,-516127.08,-516259.04,-516444.02,-516574.01,-516686.02,-516779.08,-516854.05,-516914.01,-516958.05,-516989.0,-517007.05,-517015.0002
80,0.0,-95897.85,-190019.18,-213563.02,-236731.03,-259314.03,-281436.02,-301116.01,-320428.02,-339340.06,-357892.02,-366507.07,-374975.02,-383136.08,-391142.0,-398487.08,-405698.08,-412764.05,-419697.07,-426206.0,-432562.01,-438753.06,-444795.01,-450575.0,-456211.05,-461700.07,-467035.09,-472226.06,-477282.01,-480332.06,-483314.0,-486128.06,-488874.04,-491412.08,-493890.06,-496303.03,-498656.06,-500769.06,-502822.05,-504810.05,-506739.0,-508577.06,-510358.05,-512080.06,-513741.06,-515345.0,-516894.03,-517925.06,-518921.08,-519838.03,-520721.03,-521531.03,-522311.05,-523059.06,-523778.08,-524733.04,-525636.04,-526486.08,-527282.04,-528025.04,-528720.04,-529363.03,-529950.05,-530493.05,-530992.02,-531445.0,-531854.0,-532223.03,-532555.01,-532705.03,-532920.01,-533072.09,-533206.09,-533320.09,-533415.02,-533493.03,-533554.08,-533601.02,-533634.01,-533651.02,-533659.007
81,0.0,-98591.54,-195371.24,-219605.03,-243456.07,-266711.05,-289496.04,-309710.02,-329550.07,-348985.08,-368054.08,-376935.03,-385665.04,-394083.07,-402342.08,-409907.08,-417336.01,-424616.07,-431762.08,-438477.02,-445037.0,-451429.05,-457669.06,-463639.01,-469463.01,-475137.05,-480655.02,-486026.02,-491259.06,-494424.07,-497519.05,-500443.08,-503297.09,-505933.04,-508507.03,-511014.08,-513461.09,-515663.09,-517804.05,-519878.09,-521892.06,-523813.04,-525675.02,-527477.02,-529216.08,-530897.05,-532523.01,-533607.09,-534656.08,-535623.09,-536556.05,-537411.09,-538236.08,-539028.09,-539791.04,-540808.05,-541772.05,-542682.05,-543536.01,-544335.07,-545085.08,-545781.05,-546420.05,-547013.07,-547561.0,-548060.08,-548515.02,-548928.03,-549302.04,-549472.02,-549718.04,-549895.04,-550052.07,-550188.04,-550303.07,-550401.08,-550482.01,-550546.0,-550595.03,-550623.04,-550641.07,-550647.03
82,0.0,-101335.88,-200824.13,-225762.05,-250311.04,-274252.0,-297713.07,-318468.07,-338845.02,-358810.04,-378404.04,-387555.02,-396553.01,-405233.02,-413751.04,-421539.0,-429187.08,-436686.08,-444049.02,-450973.01,-457739.09,-464336.07,-470778.07,-476941.0,-482955.05,-488818.01,-494521.04,-500075.07,-505490.02,-508772.03,-511983.0,-515019.03,-517984.03,-520718.07,-523390.05,-525994.07,-528537.05,-530830.02,-533060.03,-535223.01,-537323.09,-539328.05,-541273.0,-543156.05,-544976.04,-546736.02,-548439.08,-549579.05,-550682.06,-551701.06,-552685.02,-553587.02,-554458.0,-555295.03,-556102.02,-557183.04,-558210.03,-559181.06,-560094.09,-560952.08,-561759.09,-562510.01,-563202.06,-563847.09,-564445.06,-564994.01,-565495.07,-565954.04,-566372.06,-566562.09,-566842.03,-567044.07,-567226.06,-567385.04,-567523.02,-567642.05,-567743.01,-567826.0,-567893.03,-567933.08,-567963.06,-567978.0,-567984.0
83,0.0,-104132.39,-206380.48,-232037.05,-257298.03,-281938.09,-306091.05,-327395.03,-348315.04,-368818.02,-388944.06,-398371.0,-407642.0,-416589.02,-425371.06,-433385.03,-441258.01,-448978.08,-456561.0,-463697.08,-470675.0,-477479.05,-484126.07,-490484.08,-496692.09,-502746.07,-508638.08,-514379.03,-519977.09,-523379.07,-526708.06,-529859.06,-532937.07,-535773.0,-538544.05,-541247.03,-543887.06,-546272.09,-548594.04,-550847.02,-553037.0,-555127.01,-557156.01,-559122.09,-561024.07,-562865.04,-564648.07,-565844.08,-567003.05,-568075.07,-569111.08,-570061.05,-570979.04,-571863.0,-572715.06,-573862.07,-574954.0,-575988.04,-576963.02,-577881.02,-578746.09,-579553.03,-580301.02,-581000.02,-581650.01,-582249.02,-582799.07,-583305.09,-583770.0,-583981.09,-584295.09,-584525.01,-584732.09,-584916.0,-585077.05,-585219.05,-585341.07,-585445.02,-585532.0,-585586.02,-585628.08,-585653.06,-585669.06,-585676.0
84,0.0,-106982.37,-212042.91,-238433.04,-264420.09,-289776.0,-314633.09,-336494.01,-357965.03,-379013.02,-399679.05,-409387.0,-418936.06,-428156.02,-437208.01,-445451.03,-453551.05,-461497.04,-469302.08,-476655.08,-483846.08,-490862.03,-497718.02,-504275.02,-510679.09,-516928.0,-523011.08,-528941.07,-534727.04,-538251.03,-541701.02,-544969.02,-548163.0,-551101.0,-553974.01,-556777.03,-559517.0,-561996.07,-564411.04,-566756.02,-569036.07,-571214.01,-573329.03,-575381.01,-577366.07,-579289.09,-581154.06,-582408.06,-583624.03,-584751.02,-585841.01,-586839.08,-587805.09,-588737.0,-589636.03,-590851.01,-592008.07,-593107.09,-594145.09,-595125.06,-596051.08,-596916.02,-597721.01,-598475.06,-599179.05,-599830.08,-600432.01,-600987.05,-601499.04,-601733.09,-602084.0,-602341.02,-602576.02,-602784.09,-602971.04,-603137.04,-603282.06,-603408.01,-603515.09,-603584.09,-603641.05,-603678.02,-603704.09,-603720.03,-603727.0
85,0.0,-109885.7,-217811.27,-244950.02,-271679.03,-297763.09,-323341.09,-345765.09,-367795.08,-389396.05,-410610.02,-420604.03,-430437.09,-439935.03,-449262.02,-457738.03,-466069.04,-474244.0,-482275.09,-489848.06,-497256.08,-504486.08,-511554.07,-518313.06,-524918.0,-531363.04,-537642.0,-543764.04,-549740.02,-553388.09,-556962.01,-560349.07,-563661.08,-566704.03,-569680.09,-572586.04,-575427.03,-578003.03,-580513.01,-582951.07,-585324.08,-587591.02,-589794.03,-591932.08,-594003.08,-596011.04,-597959.02,-599272.05,-600546.07,-601729.06,-602874.08,-603923.06,-604939.01,-605918.08,-606866.02,-608150.03,-609375.09,-610541.06,-611644.06,-612687.09,-613676.02,-614600.02,-615464.0,-616275.08,-617035.03,-617740.07,-618394.05,-619001.0,-619562.04,-619820.04,-620208.02,-620494.06,-620758.0,-620993.06,-621206.03,-621397.07,-621567.01,-621716.0,-621846.01,-621931.02,-622003.0,-622052.08,-622091.08,-622117.04,-622134.02,-622142.0
86,0.0,-112842.76,-223687.24,-251590.09,-279077.01,-305906.05,-332219.05,-355215.01,-377811.02,-399972.02,-421740.08,-432027.02,-442150.04,-451931.02,-461538.06,-470251.01,-478816.05,-487223.02,-495485.02,-503280.09,-510909.07,-518357.05,-525640.08,-532604.07,-539411.09,-546057.07,-552534.01,-558852.0,-565021.0,-568797.01,-572496.04,-576006.02,-579439.0,-582587.09,-585669.09,-588679.06,-591623.05,-594297.06,-596904.04,-599438.05,-601906.01,-604263.02,-606556.0,-608783.0,-610941.02,-613034.08,-615067.05,-616441.05,-617775.06,-619016.02,-620218.01,-621318.01,-622384.02,-623413.07,-624410.02,-625765.04,-627060.07,-628294.07,-629464.04,-630573.0,-631625.02,-632610.06,-633534.08,-634405.06,-635222.06,-635983.08,-636691.09,-637351.02,-637963.09,-638246.04,-638673.03,-638990.02,-639283.03,-639547.01,-639787.03,-640005.02,-640200.02,-640373.07,-640527.06,-640629.08,-640718.0,-640782.02,-640834.06,-640871.08,-640899.03,-640917.02,-640927.0
87,0.0,-115858.85,-229678.93,-258362.0,-286621.01,-314210.09,-341274.06,-364849.03,-388019.03,-410748.01,-433079.03,-443663.07,-454082.03,-464152.02,-474045.07,-482998.0,-491801.03,-500443.05,-508939.0,-516961.02,-524813.09,-532483.01,-539985.02,-547157.01,-554170.01,-561019.04,-567696.07,-574213.0,-580578.03,-584484.04,-588312.04,-591947.0,-595503.03,-598760.04,-601949.06,-605065.04,-608114.03,-610888.03,-613593.08,-616225.05,-618789.04,-621239.0,-623623.01,-625940.02,-628187.04,-630368.08,-632488.01,-633924.03,-635319.09,-636619.04,-637879.05,-639032.0,-640149.08,-641230.03,-642277.01,-643705.01,-645071.09,-646375.09,-647614.0,-648789.06,-649907.05,-650955.09,-651942.04,-652873.09,-653750.0,-654568.08,-655332.09,-656046.08,-656712.07,-657020.05,-657488.01,-657836.07,-658160.08,-658453.08,-658722.07,-658968.05,-659190.03,-659389.08,-659568.07,-659689.02,-659794.09,-659874.05,-659941.06,-659991.06,-660031.01,-660060.0,-660079.08,-660083.0
88,0.0,-118930.59,-235782.51,-265262.06,-294310.09,-322677.01,-350507.01,-374668.07,-398420.02,-421724.05,-444625.08,-455514.01,-466234.0,-476598.06,-486783.09,-495979.06,-505024.01,-513905.04,-522637.08,-530890.0,-538970.02,-546864.0,-554588.03,-561971.03,-569193.03,-576249.0,-583130.03,-589848.02,-596412.08,-600451.06,-604411.0,-608173.0,-611855.04,-615222.07,-618521.0,-621744.06,-624900.04,-627776.02,-630582.04,-633313.04,-635975.04,-638519.02,-640996.04,-643405.05,-645743.03,-648014.02,-650221.08,-651721.08,-653180.03,-654540.03,-655860.01,-657066.01,-658236.08,-659369.06,-660467.08,-661970.04,-663410.03,-664786.0,-666094.03,-667338.06,-668524.0,-669637.01,-670687.06,-671681.05,-672618.05,-673496.06,-674318.05,-675088.06,-675809.04,-676143.07,-676653.03,-677034.09,-677391.01,-677714.07,-678013.06,-678288.03,-678538.02,-678764.09,-678970.02,-679110.0,-679234.03,-679330.06,-679413.04,-679477.04,-679530.0,-679571.02,-679602.04,-679611.09,-679616.0
89,0.0,-122062.01,-242004.23,-272297.07,-302151.09,-331311.0,-359923.07,-384679.08,-409020.04,-432907.07,-456386.08,-467585.0,-478612.01,-489277.04,-499760.05,-509203.0,-518492.03,-527616.0,-536588.09,-545074.05,-553385.06,-561507.05,-569457.04,-577054.06,-584488.05,-591753.08,-598842.01,-605764.07,-612531.06,-616705.09,-620799.05,-624691.06,-628502.06,-631982.0,-635391.03,-638724.07,-641989.02,-644968.08,-647877.04,-650709.06,-653471.07,-656111.04,-658683.04,-661186.02,-663616.04,-665978.04,-668276.02,-669841.04,-671364.03,-672786.04,-674167.03,-675428.01,-676652.09,-677838.09,-678989.08,-680568.06,-682083.04,-683532.06,-684912.08,-686227.06,-687482.01,-688661.08,-689777.08,-690835.09,-691835.05,-692774.06,-693656.0,-694484.02,-695261.06,-695623.03,-696176.04,-696592.01,-696981.08,-697337.02,-697667.01,-697972.01,-698251.03,-698506.05,-698739.04,-698899.05,-699043.05,-699157.05,-699257.03,-699336.02,-699403.01,-699457.07,-699501.06,-699518.02,-699528.07,-699533.0000000001
90,0.0,-125248.81,-248335.63,-279458.05,-310134.07,-340103.05,-369515.04,-394873.08,-419811.02,-444289.03,-468353.08,-479867.08,-491208.0,-502180.0,-512966.06,-522659.05,-532197.01,-541566.09,-550783.07,-559506.02,-568051.06,-576405.01,-584584.01,-592398.06,-600047.05,-607525.04,-614823.08,-621954.0,-628926.04,-633238.09,-637469.03,-641494.03,-645436.08,-649030.01,-652552.02,-655997.04,-659372.05,-662457.06,-665470.06,-668405.09,-671269.08,-674007.02,-676675.08,-679273.09,-681798.03,-684253.03,-686642.08,-688274.08,-689863.07,-691349.02,-692792.08,-694109.05,-695389.06,-696630.02,-697834.09,-699491.07,-701083.01,-702607.04,-704061.03,-705448.03,-706773.06,-708021.05,-709204.09,-710328.08,-711392.07,-712394.05,-713337.02,-714225.02,-715061.0,-715451.0,-716049.0,-716500.02,-716924.05,-717312.08,-717675.01,-718011.05,-718321.03,-718606.01,-718867.09,-719049.04,-719214.01,-719346.09,-719464.08,-719559.07,-719641.09,-719711.0,-719768.07,-719795.05,-719813.05,-719824.09,-719829.000000008
91,0.0,-128501.19,-254797.65,-286768.07,-318285.02,-349081.01,-379309.05,-405277.08,-430819.08,-455896.03,-480553.08,-492390.01,-504049.08,-515334.06,-526431.0,-536377.08,-546167.02,-555786.05,-565250.08,-574213.05,-582996.07,-591585.02,-599996.08,-608031.06,-615898.06,-623592.02,-631103.07,-638444.07,-645625.06,-650079.02,-654449.03,-658610.0,-662686.06,-666395.08,-670032.07,-673591.04,-677079.0,-680271.06,-683390.09,-686431.0,-689398.07,-692235.05,-695002.04,-697697.06,-700317.08,-702867.05,-705350.06,-707050.09,-708707.03,-710257.09,-711765.07,-713139.05,-714476.01,-715772.03,-717032.01,-718768.05,-720438.03,-722039.05,-723568.07,-725029.07,-726427.06,-727745.03,-728997.08,-730189.02,-731319.01,-732385.04,-733391.0,-734340.05,-735236.04,-735655.09,-736300.02,-736788.0,-737248.01,-737670.06,-738066.03,-738435.03,-738776.09,-739092.06,-739384.05,-739588.05,-739775.0,-739927.07,-740064.07,-740176.05,-740275.0,-740359.07,-740432.03,-740475.04,-740504.07,-740522.08,-740533.07,-740538.0
92,0.0,-131814.8,-261380.92,-294217.07,-326592.0,-358232.09,-389295.03,-415881.02,-442035.05,-467718.01,-492976.04,-505141.02,-517126.06,-528730.06,-540142.09,-550347.01,-560391.09,-570264.03,-579979.05,-589186.01,-598210.06,-607037.06,-615685.01,-623943.03,-632031.05,-639943.09,-647671.06,-655226.04,-662618.08,-667216.04,-671729.0,-676028.02,-680241.09,-684068.08,-687822.04,-691496.06,-695098.05,-698400.05,-701627.09,-704774.08,-707848.02,-710786.01,-713653.0,-716447.01,-719164.09,-721811.0,-724389.04,-726159.06,-727885.01,-729502.03,-731075.08,-732507.09,-733902.0,-735255.02,-736571.01,-738389.0,-740138.08,-741818.06,-743424.09,-744961.05,-746433.08,-747823.01,-749146.03,-750406.09,-751604.05,-752736.09,-753807.02,-754820.0,-755777.07,-756227.05,-756919.06,-757445.02,-757942.04,-758400.02,-758830.05,-759233.04,-759607.09,-759955.08,-760279.0,-760506.04,-760715.08,-760889.04,-761046.06,-761176.03,-761292.02,-761393.05,-761481.09,-761543.02,-761589.01,-761620.03,-761638.08,-761649.09,-761653.0000007
93,0.0,-135195.46,-268097.13,-301818.05,-335069.06,-367573.07,-399488.02,-426699.06,-453473.08,-479770.03,-505637.0,-518137.0,-530454.09,-542384.03,-554119.0,-564584.02,-574887.09,-585016.09,-594986.06,-604440.05,-613709.08,-622778.08,-631665.08,-640150.04,-648462.08,-656597.01,-664544.0,-672315.07,-679922.07,-684667.02,-689325.04,-693765.09,-698119.04,-702066.01,-705938.02,-709729.08,-713448.01,-716861.02,-720198.06,-723454.03,-726635.01,-729675.09,-732644.05,-735539.02,-738356.04,-741100.06,-743776.0,-745617.07,-747413.09,-749099.03,-750740.01,-752231.07,-753684.06,-755095.08,-756469.01,-758370.01,-760201.07,-761961.08,-763646.09,-765260.09,-766809.02,-768271.09,-769667.04,-770999.0,-772265.09,-773466.02,-774602.09,-775680.06,-776701.09,-777183.01,-777924.04,-778489.0,-779024.04,-779518.07,-779984.08,-780422.07,-780831.03,-781212.05,-781568.02,-781820.02,-782053.05,-782249.0,-782427.05,-782576.01,-782710.02,-782829.01,-782934.04,-783015.04,-783079.07,-783127.09,-783160.0,-783178.08,-783188.09,-783194.000009
94,0.0,-138640.58,-274941.48,-309566.04,-343713.0,-377099.03,-409884.04,-437729.01,-465131.01,-492049.02,-518532.01,-531373.09,-544030.07,-556292.03,-568355.09,-579085.06,-589651.08,-600040.09,-610268.07,-619973.04,-629491.0,-638805.04,-647935.04,-656649.06,-665189.02,-673548.04,-681717.07,-689709.03,-697534.0,-702428.04,-707235.01,-711819.08,-716316.02,-720384.04,-724377.01,-728288.0,-732124.04,-735650.07,-739100.0,-742466.02,-745756.04,-748901.08,-751974.0,-754971.0,-757889.02,-760733.03,-763507.04,-765422.03,-767290.08,-769045.09,-770755.06,-772307.09,-773820.08,-775291.02,-776723.01,-778708.09,-780623.09,-782466.02,-784231.07,-785924.09,-787550.09,-789088.07,-790558.02,-791962.03,-793300.04,-794570.02,-795775.0,-796919.04,-798006.0,-798519.05,-799311.03,-799916.02,-800491.01,-801023.0,-801526.01,-802000.02,-802444.01,-802859.08,-803249.02,-803526.08,-803784.09,-804003.05,-804204.03,-804372.07,-804526.0,-804663.04,-804786.07,-804888.08,-804973.01,-805040.0,-805089.03,-805122.03,-805140.04,-805152.09,-805156.00009
95,0.0,-142153.02,-281919.25,-317467.01,-352528.06,-386816.04,-420491.04,-448977.01,-477014.08,-504562.02,-531669.0,-544859.05,-557862.0,-570462.04,-582861.06,-593859.05,-604691.07,-615344.05,-625833.09,-635793.0,-645562.04,-655125.08,-664502.02,-673449.0,-682219.01,-690806.02,-699200.09,-707415.05,-715460.09,-720508.02,-725466.04,-730198.05,-734840.07,-739032.04,-743147.05,-747179.06,-751136.01,-754777.04,-758340.05,-761819.02,-765220.06,-768472.04,-771649.08,-774750.08,-777771.09,-780717.06,-783592.02,-785581.09,-787524.03,-789350.08,-791130.09,-792745.01,-794319.02,-795850.01,-797341.07,-799414.0,-801414.03,-803340.02,-805188.0,-806962.0,-808667.06,-810282.0,-811827.02,-813305.06,-814716.05,-816057.05,-817332.01,-818544.09,-819698.05,-820245.04,-821089.01,-821735.04,-822350.09,-822921.07,-823462.09,-823974.03,-824454.07,-824906.01,-825330.04,-825634.06,-825918.07,-826161.04,-826385.05,-826574.06,-826748.0,-826904.09,-827047.0,-827171.08,-827277.07,-827364.08,-827433.0,-827483.04,-827517.02,-827538.06,-827549.05,-827554.0003
96,0.0,-145734.1,-289033.88,-325525.06,-361522.0,-396731.04,-431315.09,-460450.06,-489131.06,-517316.03,-545054.07,-558600.08,-571956.01,-584902.02,-597643.08,-608913.05,-620015.03,-630935.04,-641690.0,-651907.0,-661931.08,-671747.07,-681374.0,-690556.05,-699560.0,-708378.02,-717001.03,-725442.0,-733711.03,-738914.06,-744027.04,-748909.08,-753700.08,-758018.0,-762257.04,-766412.06,-770491.02,-774249.04,-777928.01,-781521.02,-785035.09,-788395.07,-791680.01,-794886.09,-798012.05,-801061.05,-804038.04,-806104.05,-808122.06,-810022.01,-811874.04,-813551.05,-815188.0,-816780.05,-818333.0,-820493.06,-822580.08,-824592.02,-826523.09,-828380.05,-830167.02,-831860.01,-833482.07,-835037.0,-836522.03,-837936.03,-839282.04,-840565.02,-841787.05,-842368.08,-843265.08,-843954.07,-844612.02,-845222.09,-845803.04,-846353.03,-846871.03,-847359.05,-847819.09,-848151.08,-848463.0,-848730.07,-848979.03,-849190.0,-849384.04,-849561.07,-849723.06,-849872.04,-850001.02,-850110.02,-850198.08,-850268.04,-850319.09,-850357.02,-850376.01,-850387.07,-850392.009
97,0.0,-149388.32,-296293.32,-333749.07,-370702.01,-406853.07,-442368.02,-472159.06,-501491.09,-530321.05,-558699.04,-572608.05,-586323.06,-599622.06,-612713.06,-624258.07,-635633.07,-646824.08,-657848.01,-668326.06,-678610.03,-688682.02,-698562.0,-707983.03,-717223.04,-726275.07,-735130.03,-743800.01,-752296.02,-757658.08,-762929.04,-767965.02,-772908.01,-777352.07,-781718.03,-785998.07,-790201.03,-794078.02,-797874.06,-801583.09,-805213.06,-808683.03,-812076.04,-815390.07,-818622.05,-821776.07,-824857.05,-827001.08,-829097.02,-831071.03,-832997.04,-834738.08,-836438.09,-838094.01,-839708.08,-841959.04,-844135.01,-846233.08,-848251.02,-850192.0,-852061.06,-853834.07,-855536.02,-857168.02,-858729.06,-860218.02,-861637.04,-862992.01,-864284.07,-864901.04,-865853.01,-866585.08,-867286.03,-867938.02,-868559.01,-869148.07,-869705.05,-870231.07,-870729.04,-871090.0,-871429.02,-871723.01,-871997.02,-872230.04,-872446.07,-872645.03,-872827.09,-873002.01,-873155.03,-873287.04,-873398.0,-873488.04,-873559.03,-873614.04,-873647.08,-873666.09,-873678.09,-873683.01
98,0.0,-153113.77,-303693.67,-342135.03,-380064.05,-417179.06,-453645.0,-484101.02,-514092.06,-543575.01,-572600.03,-586879.05,-600961.07,-614620.08,-628068.05,-639892.06,-651544.05,-663010.0,-674305.08,-685049.03,-695595.04,-705926.09,-716063.08,-725726.09,-735206.06,-744496.01,-753585.03,-762487.04,-771213.04,-776738.04,-782169.09,-787362.04,-792460.03,-797034.02,-801528.01,-805935.04,-810263.09,-814261.06,-818177.05,-822005.0,-825751.07,-829332.09,-832836.05,-836260.01,-839599.09,-842860.09,-846047.04,-848271.06,-850445.09,-852496.05,-854498.0,-856304.09,-858069.06,-859788.09,-861466.09,-863809.02,-866075.03,-868262.08,-870367.05,-872394.03,-874348.07,-876203.05,-877985.07,-879696.09,-881336.02,-882901.01,-884395.01,-885823.02,-887188.0,-887841.02,-888848.08,-889626.06,-890371.04,-891065.05,-891728.0,-892358.03,-892955.01,-893520.05,-894056.06,-894447.0,-894815.03,-895136.05,-895437.02,-895693.06,-895932.08,-896153.06,-896357.08,-896558.07,-896737.05,-896894.03,-897028.03,-897140.09,-897232.08,-897307.04,-897358.08,-897394.03,-897414.07,-897426.01,-897431.000000001
99,0.0,-156915.35,-311245.64,-350695.07,-389623.08,-427724.06,-465162.06,-496291.04,-526949.09,-557093.0,-586773.04,-601430.04,-615887.03,-629914.0,-643725.08,-655832.04,-667764.09,-679508.05,-691080.03,-702092.05,-712904.06,-723499.03,-733896.07,-743804.08,-753527.01,-763056.09,-772383.08,-781521.01,-790480.02,-796170.09,-801766.07,-807119.0,-812375.03,-817080.04,-821704.05,-826240.07,-830697.01,-834817.04,-838854.07,-842802.03,-846667.08,-850362.04,-853978.02,-857512.08,-860962.04,-864331.09,-867625.08,-869931.06,-872186.08,-874315.04,-876394.01,-878267.06,-880098.03,-881882.08,-883625.03,-886060.09,-888419.01,-890697.02,-892891.01,-895005.06,-897046.02,-898984.05,-900849.0,-902641.02,-904360.0,-906002.09,-907573.04,-909076.07,-910515.02,-911205.09,-912270.09,-913094.08,-913885.01,-914622.07,-915327.09,-916000.01,-916638.04,-917243.08,-917819.05,-918240.07,-918639.02,-918988.06,-919316.09,-919597.06,-919860.05,-920104.04,-920331.02,-920560.0,-920765.08,-920948.05,-921107.04,-921243.06,-921358.0,-921453.06,-921524.08,-921578.07,-921615.07,-921634.02,-921647.07,-921652.00000008
100,0.0,-160794.13,-318950.74,-359431.09,-399381.08,-438491.0,-476924.01,-508733.04,-540066.09,-570878.06,-601222.01,-616264.05,-631103.09,-645505.07,-659689.03,-672082.02,-684298.08,-696324.02,-708175.06,-719460.01,-730541.08,-741403.02,-752064.07,-762220.09,-772189.0,-781962.01,-791529.08,-800905.05,-810100.05,-815960.04,-821723.08,-827239.03,-832657.01,-837495.05,-842251.07,-846918.09,-851505.0,-855749.08,-859910.05,-863980.01,-867966.05,-871776.01,-875505.08,-879153.02,-882714.03,-886194.01,-889597.02,-891986.04,-894324.0,-896532.05,-898690.02,-900631.05,-902529.04,-904380.02,-906188.04,-908719.02,-911171.0,-913541.05,-915826.02,-918030.01,-920158.08,-922182.02,-924130.07,-926005.06,-927805.05,-929528.0,-931176.07,-932756.08,-934270.08,-935000.01,-936123.07,-936995.01,-937832.0,-938614.02,-939363.02,-940078.06,-940758.09,-941406.0,-942022.04,-942475.05,-942905.03,-943284.0,-943641.0,-943946.08,-944234.02,-944502.01,-944752.03,-945010.04,-945244.05,-945454.05,-945639.05,-945800.08,-945939.01,-946057.02,-946149.08,-946223.07,-946279.03,-946314.04,-946337.04,-946349.0,-946354.0000003
101,0.0,-164749.79,-326807.8,-368342.06,-409337.0,-449478.01,-488929.04,-521427.02,-553443.06,-584931.09,-615946.03,-631382.01,-646611.06,-661396.06,-675959.07,-688642.06,-701146.09,-713457.08,-725592.05,-737152.08,-748507.07,-759639.05,-770568.07,-780976.0,-791193.0,-801212.05,-811024.01,-820641.02,-830075.04,-836107.07,-842042.01,-847724.02,-853307.0,-858280.05,-863170.08,-867970.08,-872688.07,-877060.01,-881346.0,-885539.06,-889648.06,-893575.01,-897420.04,-901182.03,-904856.06,-908448.05,-911962.05,-914436.09,-916858.09,-919148.09,-921387.04,-923397.07,-925363.09,-927282.04,-929157.04,-931785.0,-934332.04,-936796.09,-939174.0,-941469.0,-943687.05,-945797.08,-947831.09,-949791.0,-951673.08,-953477.06,-955206.02,-956864.08,-958455.09,-959224.09,-960408.05,-961328.05,-962213.03,-963041.01,-963835.01,-964594.07,-965318.04,-966008.02,-966666.05,-967152.05,-967614.07,-968023.08,-968410.05,-968742.03,-969055.02,-969347.09,-969622.05,-969911.0,-970174.07,-970413.02,-970625.07,-970813.04,-970977.01,-971119.0,-971234.04,-971329.09,-971405.08,-971459.06,-971499.08,-971520.0,-971533.07,-971539.0
102,0.0,-168789.48,-334831.99,-377445.09,-419509.05,-460707.0,-501200.06,-534394.09,-567102.03,-599275.0,-630968.03,-646805.07,-662433.06,-677609.09,-692560.06,-705537.02,-718333.0,-730933.0,-743354.06,-755194.04,-766826.02,-778231.08,-789432.04,-800093.09,-810562.08,-820831.09,-830890.03,-840752.0,-850428.04,-856636.07,-862745.06,-868597.08,-874349.0,-879459.07,-884486.0,-889420.08,-894272.04,-898772.02,-903185.04,-907504.08,-911738.05,-915783.05,-919746.03,-923624.05,-927413.07,-931119.04,-934746.0,-937307.05,-939815.06,-942189.01,-944510.0,-946590.06,-948626.04,-950613.06,-952556.08,-955282.09,-957927.04,-960487.07,-962959.01,-965346.09,-967656.09,-969855.07,-971977.01,-974022.01,-975989.03,-977876.01,-979686.03,-981425.0,-983094.09,-983904.06,-985149.05,-986119.03,-987053.02,-987927.09,-988768.0,-989573.0,-990341.01,-991074.08,-991776.02,-992296.02,-992791.08,-993232.03,-993649.08,-994008.05,-994347.07,-994666.02,-994965.09,-995286.02,-995580.07,-995849.0,-996090.03,-996305.08,-996496.01,-996663.02,-996803.0,-996921.06,-997019.03,-997093.03,-997152.07,-997189.09,-997216.01,-997227.09,-997233.00004
103,0.0,-172914.14,-343023.89,-386741.03,-429899.0,-472178.03,-513739.01,-547638.0,-581044.03,-613909.05,-646289.06,-662537.0,-678571.07,-694147.07,-709494.03,-722768.02,-735859.03,-748752.0,-761464.03,-773587.02,-785499.04,-797182.06,-808658.01,-819576.09,-830300.09,-840822.05,-851131.0,-861240.02,-871161.09,-877549.09,-883836.09,-889862.06,-895785.09,-901035.07,-906199.09,-911271.06,-916258.08,-920889.0,-925431.03,-929878.06,-934238.09,-938404.01,-942486.01,-946482.02,-950388.02,-954209.04,-957950.04,-960600.08,-963196.09,-965655.08,-968061.0,-970213.01,-972319.06,-974376.09,-976389.04,-979215.07,-981959.01,-984616.08,-987184.01,-989666.05,-992069.06,-994358.06,-996568.09,-998701.05,-1000754.09,-1002726.03,-1004619.06,-1006440.02,-1008190.06,-1009042.02,-1010349.06,-1011370.04,-1012354.06,-1013277.02,-1014164.06,-1014311.01,-1015829.09,-1016608.06,-1017354.01,-1017909.03,-1018439.04,-1018912.05,-1019361.09,-1019748.02,-1020114.07,-1020459.08,-1020785.06,-1021138.07,-1021465.03,-1021764.07,-1022035.09,-1022280.05,-1022498.08,-1022692.05,-1022857.09,-1023001.0,-1023122.01,-1023218.0,-1023298.01,-1023354.04,-1023398.06,-1023419.01,-1023432.02,-1023436.0006
104,0.0,-177124.55,-351386.8,-396234.07,-440512.05,-483899.08,-526553.07,-561165.03,-595278.05,-628844.02,-661919.0,-678585.01,-695035.02,-711019.05,-726770.07,-740345.07,-753735.06,-766924.09,-779931.04,-792341.01,-804537.04,-816501.08,-828255.09,-839435.01,-850417.01,-861194.05,-871756.0,-882115.09,-892286.0,-898857.03,-905326.0,-911529.0,-917627.09,-923018.08,-928323.0,-933533.04,-938658.03,-943420.08,-948094.02,-952671.03,-957160.01,-961447.04,-965650.03,-969766.01,-973790.05,-977729.0,-981586.02,-984327.04,-987013.05,-989559.05,-992051.0,-994275.06,-996454.01,-998582.06,-1000665.07,-1003593.09,-1006437.09,-1009194.08,-1011859.07,-1014438.03,-1016936.04,-1019317.01,-1021618.0,-1023839.09,-1025981.0,-1028038.07,-1030017.0,-1031921.0,-1033753.06,-1034648.01,-1036019.04,-1037092.04,-1038128.0,-1039099.08,-1040035.06,-1040934.07,-1041795.04,-1042620.0,-1043410.09,-1044002.04,-1044568.01,-1045074.08,-1045557.02,-1045972.01,-1046366.07,-1046739.02,-1047091.09,-1047479.02,-1047839.0,-1048170.07,-1048473.03,-1048748.01,-1048995.07,-1049217.02,-1049409.06,-1049578.07,-1049724.05,-1049843.08,-1049946.03,-1050023.02,-1050087.03,-1050117.08,-1050140.0,-1050153.02,-1050158.004
105,0.0,-181424.98,-359927.65,-405932.06,-451357.02,-495879.09,-539653.07,-574986.0,-609814.02,-644088.04,-677866.01,-694959.07,-711834.0,-728235.06,-744400.01,-758279.09,-771972.05,-785461.09,-798766.05,-811466.06,-823950.08,-836200.0,-848236.03,-859678.09,-870922.02,-881958.04,-892776.0,-903389.06,-913811.02,-920569.06,-927223.08,-933607.08,-939886.0,-945420.0,-950866.02,-956217.03,-961481.08,-966378.06,-971185.01,-975893.08,-980513.01,-984924.02,-989249.07,-993487.01,-997631.07,-1001689.02,-1005664.02,-1008498.02,-1011276.02,-1013911.03,-1016491.0,-1018789.05,-1021041.02,-1023242.01,-1025396.08,-1028428.07,-1031375.0,-1034232.07,-1036997.0,-1039673.06,-1042268.02,-1044742.04,-1047135.06,-1049448.03,-1051678.09,-1053824.06,-1055889.03,-1057878.05,-1059794.09,-1060733.05,-1062169.09,-1063296.04,-1064384.06,-1065406.06,-1066391.09,-1067339.08,-1068248.04,-1069120.03,-1069957.07,-1070586.05,-1071189.0,-1071730.05,-1072246.09,-1072691.03,-1073114.07,-1073515.05,-1073896.01,-1074318.07,-1074713.0,-1075078.02,-1075413.03,-1075719.07,-1075997.08,-1076248.04,-1076469.01,-1076665.04,-1076837.03,-1076981.05,-1077107.08,-1077206.09,-1077292.07,-1077336.02,-1077368.08,-1077392.02,-1077406.04,-1077412.03

