1,13.6,
2,24.59,24.59,
3,57.88,57.88,5.39
4,114.34,114.34,9.32,9.32
5,192.25,192.25,12.93,12.93,8.3
6,288.23,288.23,16.59,16.59,11.26,11.26
7,403.78,403.78,20.33,20.33,14.53,14.53,14.53
8,538.25,538.25,28.72,28.72,13.62,13.62,13.62,13.62
9,692.45,692.45,37.21,37.21,17.42,17.42,17.42,17.42,17.42
10,869.53,869.53,47.74,47.74,21.57,21.57,21.57,21.57,21.57,21.57
11,1074.4,1074.4,66.02,66.02,33.52,33.52,33.52,33.52,33.52,33.52,5.14
12,1307.3,1307.3,92.18,92.18,53.77,53.77,53.77,53.77,53.77,53.77,7.65,7.65
13,1564.1,1564.1,121.46,121.46,76.75,76.75,76.75,76.75,76.75,76.75,10.62,10.62,5.99
14,1844.1,1844.1,154.04,154.04,103.71,103.71,103.71,103.71,103.71,103.71,13.46,13.46,8.15,8.15
15,2148.3,2148.3,191.4,191.4,135.12,135.12,135.12,135.12,135.12,135.12,16.15,16.15,10.49,10.49,10.49
16,2475.8,2475.8,232.1,232.1,168.1,168.1,168.1,168.1,168.1,168.1,20.2,20.2,10.36,10.36,10.36,10.36
17,2829.1,2829.1,276.6,276.6,206.35,206.35,206.35,206.35,206.35,206.35,24.54,24.54,12.97,12.97,12.97,12.97,12.97
18,3206.2,3206.2,324.2,324.2,247.74,247.74,247.74,247.74,247.74,247.74,29.24,29.24,15.76,15.76,15.76,15.76,15.76,15.76
19,3610.27,3610.27,380.8,380.8,297.25,297.25,297.25,297.25,297.25,297.25,36.95,36.95,19.38,19.38,19.38,19.38,19.38,19.38,4.34
20,4041.07,4041.07,441.08,441.08,350.22,350.22,350.22,350.22,350.22,350.22,46.52,46.52,28.08,28.08,28.08,28.08,28.08,28.08,6.11,6.11
21,4494.2,4494.2,502.7,502.7,405.18,405.18,405.18,405.18,405.18,405.18,54.9,54.9,32.64,32.64,32.64,32.64,32.64,32.64,8.07,6.56,6.56
22,4969.9,4969.9,566.78,566.78,461.09,461.09,461.09,461.09,461.09,461.09,63.94,63.94,37.85,37.85,37.85,37.85,37.85,37.85,8.1,8.1,6.83,6.83
23,5469.6,5469.6,632.94,632.94,520.61,520.61,520.61,520.61,520.61,520.61,71.94,71.94,42.9,42.9,42.9,42.9,42.9,42.9,8.13,8.13,8.13,6.75,6.75
24,5994.2,5994.2,701.7,701.7,583.51,583.51,583.51,583.51,583.51,583.51,80.5,80.5,48.61,48.61,48.61,48.61,48.61,48.61,8.34,8.34,8.34,8.34,8.34,6.77
25,6542.0,6542.0,773.28,773.28,648.03,648.03,648.03,648.03,648.03,648.03,88.44,88.44,53.22,53.22,53.22,53.22,53.22,53.22,9.11,9.11,9.11,9.11,9.11,7.43,7.43
26,7117.0,7117.0,851.06,851.06,717.43,717.43,717.43,717.43,717.43,717.43,97.92,97.92,59.16,59.16,59.16,59.16,59.16,59.16,9.34,9.34,9.34,9.34,9.34,9.34,7.9,7.9
27,7713.4,7713.4,930.96,930.96,789.21,789.21,789.21,789.21,789.21,789.21,106.58,106.58,65.44,65.44,65.44,65.44,65.44,65.44,8.99,8.99,8.99,8.99,8.99,8.99,8.99,7.88,7.88
28,8337.8,8337.8,1014.8,1014.8,865.75,865.75,865.75,865.75,865.75,865.75,117.44,117.44,74.03,74.03,74.03,74.03,74.03,74.03,10.21,10.21,10.21,10.21,10.21,10.21,10.21,10.21,7.64,7.64
29,8983.9,8983.9,1102.9,1102.9,944.78,944.78,944.78,944.78,944.78,944.78,125.42,125.42,80.88,80.88,80.88,80.88,80.88,80.88,10.62,10.62,10.62,10.62,10.62,10.62,10.62,10.62,10.62,10.62,7.73
30,9661.6,9661.6,1198.1,1198.1,1032.0,1032.0,1032.0,1032.0,1032.0,1032.0,141.2,141.2,91.72,91.72,91.72,91.72,91.72,91.72,12.28,12.28,12.28,12.28,12.28,12.28,12.28,12.28,12.28,12.28,9.39,9.39
31,10367.0,10367.0,1302.1,1302.1,1128.1,1128.1,1128.1,1128.1,1128.1,1128.1,162.04,162.04,107.08,107.08,107.08,107.08,107.08,107.08,21.14,21.14,21.14,21.14,21.14,21.14,21.14,21.14,21.14,21.14,11.0,11.0,6.0
32,11105.0,11105.0,1415.9,1415.9,1230.0,1230.0,1230.0,1230.0,1230.0,1230.0,183.25,183.25,126.08,126.08,126.08,126.08,126.08,126.08,31.82,31.82,31.82,31.82,31.82,31.82,31.82,31.82,31.82,31.82,14.3,14.3,7.9,7.9
33,11870.0,11870.0,1531.0,1531.0,1339.1,1339.1,1339.1,1339.1,1339.1,1339.1,208.0,208.0,146.65,146.65,146.65,146.65,146.65,146.65,45.56,45.56,45.56,45.56,45.56,45.56,45.56,45.56,45.56,45.56,17.0,17.0,9.82,9.82,9.82
34,12660.0,12660.0,1656.6,1656.6,1452.3,1452.3,1452.3,1452.3,1452.3,1452.3,234.25,234.25,167.33,167.33,167.33,167.33,167.33,167.33,59.58,59.58,59.58,59.58,59.58,59.58,59.58,59.58,59.58,59.58,20.15,20.15,9.75,9.75,9.75,9.75
35,13478.0,13478.0,1787.7,1787.7,1571.3,1571.3,1571.3,1571.3,1571.3,1571.3,261.75,261.75,190.05,190.05,190.05,190.05,190.05,190.05,75.17,75.17,75.17,75.17,75.17,75.17,75.17,75.17,75.17,75.17,23.8,23.8,11.81,11.81,11.81,11.81,11.81
36,14328.0,14328.0,1924.7,1924.7,1696.0,1696.0,1696.0,1696.0,1696.0,1696.0,293.13,293.13,217.85,217.85,217.85,217.85,217.85,217.85,93.72,93.72,93.72,93.72,93.72,93.72,93.72,93.72,93.72,93.72,27.51,27.51,14.0,14.0,14.0,14.0,14.0,14.0
37,15201.7,15201.7,2068.07,2068.07,1827.16,1827.16,1827.16,1827.16,1827.16,1827.16,325.55,325.55,244.73,244.73,244.73,244.73,244.73,244.73,114.1,114.1,114.1,114.1,114.1,114.1,114.1,114.1,114.1,114.1,32.4,32.4,16.52,16.52,16.52,16.52,16.52,16.52,4.18
38,16106.6,16106.6,2068.07,2068.07,1965.11,1965.11,1965.11,1965.11,1965.11,1965.11,360.94,360.94,275.09,275.09,275.09,275.09,275.09,275.09,137.05,137.05,137.05,137.05,137.05,137.05,137.05,137.05,137.05,137.05,40.66,40.66,22.77,22.77,22.77,22.77,22.77,22.77,5.69,5.69
39,17039.9,17039.9,2374.83,2374.83,2107.61,2107.61,2107.61,2107.61,2107.61,2107.61,396.05,396.05,306.33,306.33,306.33,306.33,306.33,306.33,160.34,160.34,160.34,160.34,160.34,160.34,160.34,160.34,160.34,160.34,47.95,47.95,28.63,28.63,28.63,28.63,28.63,28.63,6.38,6.22,6.22
40,18000.6,18000.6,2536.07,2536.07,2254.96,2254.96,2254.96,2254.96,2254.96,2254.96,433.98,433.98,338.61,338.61,338.61,338.61,338.61,338.61,184.46,184.46,184.46,184.46,184.46,184.46,184.46,184.46,184.46,184.46,55.04,55.04,32.97,32.97,32.97,32.97,32.97,32.97,8.61,8.61,6.63,6.63
41,18988.6,18988.6,2702.13,2702.13,2406.38,2406.38,2406.38,2406.38,2406.38,2406.38,471.48,471.48,369.01,369.01,369.01,369.01,369.01,369.01,208.64,208.64,208.64,208.64,208.64,208.64,208.64,208.64,208.64,208.64,61.12,61.12,37.31,37.31,37.31,37.31,37.31,37.31,7.17,7.17,7.17,7.17,6.76
42,20003.5,20003.5,2871.67,2871.67,2561.44,2561.44,2561.44,2561.44,2561.44,2561.44,510.5,510.5,404.15,404.15,404.15,404.15,404.15,404.15,234.04,234.04,234.04,234.04,234.04,234.04,234.04,234.04,234.04,234.04,67.56,67.56,41.46,41.46,41.46,41.46,41.46,41.46,8.56,8.56,8.56,8.56,8.56,7.09
43,21048.0,21048.0,3048.33,3048.33,2721.78,2721.78,2721.78,2721.78,2721.78,2721.78,550.33,550.33,437.98,437.98,437.98,437.98,437.98,437.98,260.35,260.35,260.35,260.35,260.35,260.35,260.35,260.35,260.35,260.35,74.27,74.27,44.78,44.78,44.78,44.78,44.78,44.78,8.6,8.6,8.6,8.6,8.6,7.28,7.28
44,22121.2,22121.2,3230.0,3230.0,2886.93,2886.93,2886.93,2886.93,2886.93,2886.93,590.82,590.82,473.51,473.51,473.51,473.51,473.51,473.51,286.61,286.61,286.61,286.61,286.61,286.61,286.61,286.61,286.61,286.61,80.16,80.16,47.44,47.44,47.44,47.44,47.44,47.44,8.5,8.5,8.5,8.5,8.5,8.5,8.5,7.36
45,23223.9,23223.9,3417.93,3417.93,3057.27,3057.27,3057.27,3057.27,3057.27,3057.27,633.06,633.06,509.61,509.61,509.61,509.61,509.61,509.61,314.17,314.17,314.17,314.17,314.17,314.17,314.17,314.17,314.17,314.17,86.28,86.28,53.69,53.69,53.69,53.69,53.69,53.69,9.56,9.56,9.56,9.56,9.56,9.56,9.56,9.56,7.46
46,24355.0,24355.0,3611.0,3611.0,3232.4,3232.4,3232.4,3232.4,3232.4,3232.4,676.46,676.46,546.75,546.75,546.75,546.75,546.75,546.75,342.9,342.9,342.9,342.9,342.9,342.9,342.9,342.9,342.9,342.9,92.78,92.78,56.89,56.89,56.89,56.89,56.89,56.89,8.51,8.51,8.51,8.51,8.51,8.51,8.51,8.51,8.51,8.51
47,25518.0,25518.0,3811.9,3811.9,3414.6,3414.6,3414.6,3414.6,3414.6,3414.6,723.48,723.48,587.54,587.54,587.54,587.54,587.54,587.54,374.94,374.94,374.94,374.94,374.94,374.94,374.94,374.94,374.94,374.94,101.36,101.36,64.49,64.49,64.49,64.49,64.49,64.49,10.4,10.4,10.4,10.4,10.4,10.4,10.4,10.4,10.4,10.4,7.58
48,26714.0,26714.0,4022.3,4022.3,3605.2,3605.2,3605.2,3605.2,3605.2,3605.2,774.88,774.88,632.48,632.48,632.48,632.48,632.48,632.48,410.86,410.86,410.86,410.86,410.86,410.86,410.86,410.86,410.86,410.86,112.4,112.4,71.07,71.07,71.07,71.07,71.07,71.07,13.4,13.4,13.4,13.4,13.4,13.4,13.4,13.4,13.4,13.4,8.99,8.99
49,27943.0,27943.0,4242.0,4242.0,3804.0,3804.0,3804.0,3804.0,3804.0,3804.0,830.28,830.28,681.25,681.25,681.25,681.25,681.25,681.25,450.33,450.33,450.33,450.33,450.33,450.33,450.33,450.33,450.33,450.33,126.14,126.14,81.37,81.37,81.37,81.37,81.37,81.37,20.42,20.42,20.42,20.42,20.42,20.42,20.42,20.42,20.42,20.42,10.0,10.0,5.79
50,29203.0,29203.0,4469.1,4469.1,4008.9,4008.9,4008.9,4008.9,4008.9,4008.9,888.18,888.18,732.49,732.49,732.49,732.49,732.49,732.49,492.01,492.01,492.01,492.01,492.01,492.01,492.01,492.01,492.01,492.01,140.64,140.64,92.37,92.37,92.37,92.37,92.37,92.37,28.12,28.12,28.12,28.12,28.12,28.12,28.12,28.12,28.12,28.12,12.0,12.0,7.34,7.34
51,30494.0,30494.0,4701.3,4701.3,4219.6,4219.6,4219.6,4219.6,4219.6,4219.6,948.28,948.28,785.51,785.51,785.51,785.51,785.51,785.51,535.53,535.53,535.53,535.53,535.53,535.53,535.53,535.53,535.53,535.53,156.44,156.44,103.01,103.01,103.01,103.01,103.01,103.01,36.15,36.15,36.15,36.15,36.15,36.15,36.15,36.15,36.15,36.15,15.0,15.0,8.64,8.64,8.64
52,31818.0,31818.0,4943.2,4943.2,4436.8,4436.8,4436.8,4436.8,4436.8,4436.8,1011.8,1011.8,841.47,841.47,841.47,841.47,841.47,841.47,581.82,581.82,581.82,581.82,581.82,581.82,581.82,581.82,581.82,581.82,174.0,174.0,115.9,115.9,115.9,115.9,115.9,115.9,47.17,47.17,47.17,47.17,47.17,47.17,47.17,47.17,47.17,47.17,17.84,17.84,9.01,9.01,9.01,9.01
53,33174.0,33174.0,5193.1,5193.1,4660.4,4660.4,4660.4,4660.4,4660.4,4660.4,1078.3,1078.3,899.87,899.87,899.87,899.87,899.87,899.87,630.63,630.63,630.63,630.63,630.63,630.63,630.63,630.63,630.63,630.63,193.2,193.2,132.37,132.37,132.37,132.37,132.37,132.37,57.46,57.46,57.46,57.46,57.46,57.46,57.46,57.46,57.46,57.46,20.61,20.61,10.45,10.45,10.45,10.45,10.45
54,34563.0,34563.0,5454.8,5454.8,4891.4,4891.4,4891.4,4891.4,4891.4,4891.4,1148.0,1148.0,959.78,959.78,959.78,959.78,959.78,959.78,681.02,681.02,681.02,681.02,681.02,681.02,681.02,681.02,681.02,681.02,214.63,214.63,153.48,153.48,153.48,153.48,153.48,153.48,68.15,68.15,68.15,68.15,68.15,68.15,68.15,68.15,68.15,68.15,23.39,23.39,12.56,12.56,12.56,12.56,12.56,12.56
55,35984.6,35984.6,5714.3,5714.3,5127.73,5127.73,5127.73,5127.73,5127.73,5127.73,1218.3,1218.3,1021.78,1021.78,1021.78,1021.78,1021.78,1021.78,731.85,731.85,731.85,731.85,731.85,731.85,731.85,731.85,731.85,731.85,232.15,232.15,165.67,165.67,165.67,165.67,165.67,165.67,78.21,78.21,78.21,78.21,78.21,78.21,78.21,78.21,78.21,78.21,23.85,23.85,12.27,12.27,12.27,12.27,12.27,12.27,3.89
56,37440.6,37440.6,5988.8,5988.8,5372.53,5372.53,5372.53,5372.53,5372.53,5372.53,1292.65,1292.65,1087.68,1087.68,1087.68,1087.68,1087.68,1087.68,787.01,787.01,787.01,787.01,787.01,787.01,787.01,787.01,787.01,787.01,253.5,253.5,183.87,183.87,183.87,183.87,183.87,183.87,91.37,91.37,91.37,91.37,91.37,91.37,91.37,91.37,91.37,91.37,30.1,30.1,16.7,16.7,16.7,16.7,16.7,16.7,5.21,5.21
57,38925.0,38925.0,6266.3,6266.3,5618.7,5618.7,5618.7,5618.7,5618.7,5618.7,1362.5,1362.5,1151.8,1151.8,1151.8,1151.8,1151.8,1151.8,840.11,840.11,840.11,840.11,840.11,840.11,840.11,840.11,840.11,840.11,272.2,272.2,198.85,198.85,198.85,198.85,198.85,198.85,101.45,101.45,101.45,101.45,101.45,101.45,101.45,101.45,101.45,101.45,34.15,34.15,16.7,16.7,16.7,16.7,16.7,16.7,5.75,5.58,5.58
58,40443.0,40443.0,6548.8,6548.8,5870.3,5870.3,5870.3,5870.3,5870.3,5870.3,1435.4,1435.4,1214.2,1214.2,1214.2,1214.2,1214.2,1214.2,891.1,891.1,891.1,891.1,891.1,891.1,891.1,891.1,891.1,891.1,290.05,290.05,212.95,212.95,212.95,212.95,212.95,212.95,110.6,110.6,110.6,110.6,110.6,110.6,110.6,110.6,110.6,110.6,37.55,37.55,20.15,20.15,20.15,20.15,20.15,20.15,6.0,6.0,5.54,5.54
59,41991.0,41991.0,6834.8,6834.8,6123.0,6123.0,6123.0,6123.0,6123.0,6123.0,1510.3,1510.3,1274.7,1274.7,1274.7,1274.7,1274.7,1274.7,940.02,940.02,940.02,940.02,940.02,940.02,940.02,940.02,940.02,940.02,305.25,305.25,224.25,224.25,224.25,224.25,224.25,224.25,115.01,115.01,115.01,115.01,115.01,115.01,115.01,115.01,115.01,115.01,38.45,38.45,21.91,21.91,21.91,21.91,21.91,21.91,6.0,6.0,6.0,5.46,5.46
60,43569.0,43569.0,7126.0,7126.0,6379.1,6379.1,6379.1,6379.1,6379.1,6379.1,1576.9,1576.9,1334.6,1334.6,1334.6,1334.6,1334.6,1334.6,988.69,988.69,988.69,988.69,988.69,988.69,988.69,988.69,988.69,988.69,317.85,317.85,233.0,233.0,233.0,233.0,233.0,233.0,119.89,119.89,119.89,119.89,119.89,119.89,119.89,119.89,119.89,119.89,39.5,39.5,21.79,21.79,21.79,21.79,21.79,21.79,6.0,6.0,6.0,6.0,5.53,5.53
61,45184.0,45184.0,7427.9,7427.9,6643.8,6643.8,6643.8,6643.8,6643.8,6643.8,1650.8,1650.8,1396.7,1396.7,1396.7,1396.7,1396.7,1396.7,1040.0,1040.0,1040.0,1040.0,1040.0,1040.0,1040.0,1040.0,1040.0,1040.0,334.47,334.47,245.18,245.18,245.18,245.18,245.18,245.18,110.6,110.6,110.6,110.6,110.6,110.6,110.6,110.6,110.6,110.6,39.0,39.0,21.86,21.86,21.86,21.86,21.86,21.86,6.0,6.0,6.0,6.0,6.0,5.55,5.55
62,46834.0,46834.0,7736.8,7736.8,6914.7,6914.7,6914.7,6914.7,6914.7,6914.7,1724.5,1724.5,1461.2,1461.2,1461.2,1461.2,1461.2,1461.2,1091.7,1091.7,1091.7,1091.7,1091.7,1091.7,1091.7,1091.7,1091.7,1091.7,347.35,347.35,256.57,256.57,256.57,256.57,256.57,256.57,130.25,130.25,130.25,130.25,130.25,130.25,130.25,130.25,130.25,130.25,39.95,39.95,21.77,21.77,21.77,21.77,21.77,21.77,6.0,6.0,6.0,6.0,6.0,6.0,5.64,5.64
63,48519.0,48519.0,8052.0,8052.0,7190.3,7190.3,7190.3,7190.3,7190.3,7190.3,1801.7,1801.7,1526.2,1526.2,1526.2,1526.2,1526.2,1526.2,1142.4,1142.4,1142.4,1142.4,1142.4,1142.4,1142.4,1142.4,1142.4,1142.4,361.85,361.85,266.93,266.93,266.93,266.93,266.93,266.93,133.45,133.45,133.45,133.45,133.45,133.45,133.45,133.45,133.45,133.45,36.9,36.9,22.58,22.58,22.58,22.58,22.58,22.58,6.0,6.0,6.0,6.0,6.0,6.0,6.0,5.67,5.67
64,50239.0,50239.0,8375.6,8375.6,7472.0,7472.0,7472.0,7472.0,7472.0,7472.0,1881.9,1881.9,1593.2,1593.2,1593.2,1593.2,1593.2,1593.2,1199.1,1199.1,1199.1,1199.1,1199.1,1199.1,1199.1,1199.1,1199.1,1199.1,377.4,377.4,278.47,278.47,278.47,278.47,278.47,278.47,141.7,141.7,141.7,141.7,141.7,141.7,141.7,141.7,141.7,141.7,40.3,40.3,22.48,22.48,22.48,22.48,22.48,22.48,6.0,6.0,6.0,6.0,6.0,6.0,6.0,6.0,6.15,6.15
65,51996.0,51996.0,8708.0,8708.0,7759.9,7759.9,7759.9,7759.9,7759.9,7759.9,1966.7,1966.7,1663.6,1663.6,1663.6,1663.6,1663.6,1663.6,1255.3,1255.3,1255.3,1255.3,1255.3,1255.3,1255.3,1255.3,1255.3,1255.3,397.45,397.45,294.78,294.78,294.78,294.78,294.78,294.78,148.2,148.2,148.2,148.2,148.2,148.2,148.2,148.2,148.2,148.2,43.5,43.5,25.17,25.17,25.17,25.17,25.17,25.17,6.0,6.0,6.0,6.0,6.0,6.0,6.0,6.0,6.0,5.86,5.86
66,53789.0,53789.0,9045.8,9045.8,8053.6,8053.6,8053.6,8053.6,8053.6,8053.6,2047.2,2047.2,1732.0,1732.0,1732.0,1732.0,1732.0,1732.0,1310.9,1310.9,1310.9,1310.9,1310.9,1310.9,1310.9,1310.9,1310.9,1310.9,416.4,416.4,307.6,307.6,307.6,307.6,307.6,307.6,155.05,155.05,155.05,155.05,155.05,155.05,155.05,155.05,155.05,155.05,55.95,55.95,25.91,25.91,25.91,25.91,25.91,25.91,6.0,6.0,6.0,6.0,6.0,6.0,6.0,6.0,6.0,6.0,5.94,5.94
67,55618.0,55618.0,9394.2,9394.2,8353.1,8353.1,8353.1,8353.1,8353.1,8353.1,2129.9,2129.9,1803.2,1803.2,1803.2,1803.2,1803.2,1803.2,1368.4,1368.4,1368.4,1368.4,1368.4,1368.4,1368.4,1368.4,1368.4,1368.4,435.1,435.1,321.03,321.03,321.03,321.03,321.03,321.03,162.31,162.31,162.31,162.31,162.31,162.31,162.31,162.31,162.31,162.31,51.6,51.6,24.65,24.65,24.65,24.65,24.65,24.65,6.0,6.0,6.0,6.0,6.0,6.0,6.0,6.0,6.0,6.0,6.0,6.02,6.02
68,57486.0,57486.0,9751.3,9751.3,8660.0,8660.0,8660.0,8660.0,8660.0,8660.0,2214.4,2214.4,1877.4,1877.4,1877.4,1877.4,1877.4,1877.4,1427.8,1427.8,1427.8,1427.8,1427.8,1427.8,1427.8,1427.8,1427.8,1427.8,450.3,450.3,336.12,336.12,336.12,336.12,336.12,336.12,171.27,171.27,171.27,171.27,171.27,171.27,171.27,171.27,171.27,171.27,56.4,56.4,27.89,27.89,27.89,27.89,27.89,27.89,6.0,6.0,6.0,6.0,6.0,6.0,6.0,6.0,6.0,6.0,6.0,6.0,6.11,6.11
69,59390.0,59390.0,10116.0,10116.0,8971.0,8971.0,8971.0,8971.0,8971.0,8971.0,2307.5,2307.5,1953.3,1953.3,1953.3,1953.3,1953.3,1953.3,1487.6,1487.6,1487.6,1487.6,1487.6,1487.6,1487.6,1487.6,1487.6,1487.6,471.1,471.1,351.85,351.85,351.85,351.85,351.85,351.85,179.71,179.71,179.71,179.71,179.71,179.71,179.71,179.71,179.71,179.71,53.85,53.85,30.99,30.99,30.99,30.99,30.99,30.99,7.0,7.0,7.0,7.0,7.0,7.0,7.0,7.0,7.0,7.0,7.0,7.0,7.0,6.18,6.18
70,61332.0,61332.0,10486.0,10486.0,9288.5,9288.5,9288.5,9288.5,9288.5,9288.5,2399.1,2399.1,2026.1,2026.1,2026.1,2026.1,2026.1,2026.1,1548.3,1548.3,1548.3,1548.3,1548.3,1548.3,1548.3,1548.3,1548.3,1548.3,486.6,486.6,361.28,361.28,361.28,361.28,361.28,361.28,189.09,189.09,189.09,189.09,189.09,189.09,189.09,189.09,189.09,189.09,54.3,54.3,26.45,26.45,26.45,26.45,26.45,26.45,7.43,7.43,7.43,7.43,7.43,7.43,7.43,7.43,7.43,7.43,7.43,7.43,7.43,7.43,6.25,6.25
71,6314.0,6314.0,10870.4,10870.4,9612.27,9612.27,9612.27,9612.27,9612.27,9612.27,2493.8,2493.8,2106.16,2106.16,2106.16,2106.16,2106.16,2106.16,1611.37,1611.37,1611.37,1611.37,1611.37,1611.37,1611.37,1611.37,1611.37,1611.37,508.85,508.85,378.53,378.53,378.53,378.53,378.53,378.53,201.06,201.06,201.06,201.06,201.06,201.06,201.06,201.06,201.06,201.06,58.15,58.15,29.92,29.92,29.92,29.92,29.92,29.92,12.43,12.43,12.43,12.43,12.43,12.43,12.43,12.43,12.43,12.43,12.43,12.43,12.43,12.43,6.6,5.43,5.43
72,65350.8,65350.8,11270.7,11270.7,9953.6,9953.6,9953.6,9953.6,9953.6,9953.6,2601.93,2601.93,2195.13,2195.13,2195.13,2195.13,2195.13,2195.13,1684.72,1684.72,1684.72,1684.72,1684.72,1684.72,1684.72,1684.72,1684.72,1684.72,538.05,538.05,400.55,400.55,400.55,400.55,400.55,400.55,217.52,217.52,217.52,217.52,217.52,217.52,217.52,217.52,217.52,217.52,65.0,65.0,33.71,33.71,33.71,33.71,33.71,33.71,16.89,16.89,16.89,16.89,16.89,16.89,16.89,16.89,16.89,16.89,16.89,16.89,16.89,16.89,7.0,7.0,6.83,6.83
73,67416.4,67416.4,11681.5,11681.5,10299.4,10299.4,10299.4,10299.4,10299.4,10299.4,2709.33,2709.33,2286.6,2286.6,2286.6,2286.6,2286.6,2286.6,1759.09,1759.09,1759.09,1759.09,1759.09,1759.09,1759.09,1759.09,1759.09,1759.09,565.48,565.48,424.05,424.05,424.05,424.05,424.05,424.05,233.44,233.44,233.44,233.44,233.44,233.44,233.44,233.44,233.44,233.44,70.98,70.98,38.0,38.0,38.0,38.0,38.0,38.0,25.11,25.11,25.11,25.11,25.11,25.11,25.11,25.11,25.11,25.11,25.11,25.11,25.11,25.11,8.3,8.3,8.3,7.89,7.89
74,69525.0,69525.0,12099.8,12099.8,10652.5,10652.5,10652.5,10652.5,10652.5,10652.5,2820.73,2820.73,2379.64,2379.64,2379.64,2379.64,2379.64,2379.64,1834.84,1834.84,1834.84,1834.84,1834.84,1834.84,1834.84,1834.84,1834.84,1834.84,595.36,595.36,447.44,447.44,447.44,447.44,447.44,447.44,250.26,250.26,250.26,250.26,250.26,250.26,250.26,250.26,250.26,250.26,76.94,76.94,40.88,40.88,40.88,40.88,40.88,40.88,34.4,34.4,34.4,34.4,34.4,34.4,34.4,34.4,34.4,34.4,34.4,34.4,34.4,34.4,9.0,9.0,9.0,9.0,7.98,7.98
75,71676.4,71676.4,12526.7,12526.7,11009.8,11009.8,11009.8,11009.8,11009.8,11009.8,2933.47,2933.47,2473.38,2473.38,2473.38,2473.38,2473.38,2473.38,1910.67,1910.67,1910.67,1910.67,1910.67,1910.67,1910.67,1910.67,1910.67,1910.67,625.88,625.88,470.51,470.51,470.51,470.51,470.51,470.51,266.45,266.45,266.45,266.45,266.45,266.45,266.45,266.45,266.45,266.45,86.72,86.72,41.47,41.47,41.47,41.47,41.47,41.47,43.11,43.11,43.11,43.11,43.11,43.11,43.11,43.11,43.11,43.11,43.11,43.11,43.11,43.11,9.6,9.6,9.6,9.6,9.6,7.88,7.88
76,73870.0,73870.0,12968.0,12968.0,11375.1,11375.1,11375.1,11375.1,11375.1,11375.1,3050.33,3050.33,2570.24,2570.24,2570.24,2570.24,2570.24,2570.24,1989.72,1989.72,1989.72,1989.72,1989.72,1989.72,1989.72,1989.72,1989.72,1989.72,656.96,656.96,496.0,496.0,496.0,496.0,496.0,496.0,282.76,282.76,282.76,282.76,282.76,282.76,282.76,282.76,282.76,282.76,87.1,87.1,50.11,50.11,50.11,50.11,50.11,50.11,51.5,51.5,51.5,51.5,51.5,51.5,51.5,51.5,51.5,51.5,51.5,51.5,51.5,51.5,9.6,9.6,9.6,9.6,9.6,9.6,8.44,8.44
77,76111.0,76111.0,13418.5,13418.5,11751.5,11751.5,11751.5,11751.5,11751.5,11751.5,3174.13,3174.13,2671.13,2671.13,2671.13,2671.13,2671.13,2671.13,2071.79,2071.79,2071.79,2071.79,2071.79,2071.79,2071.79,2071.79,2071.79,2071.79,691.26,691.26,522.92,522.92,522.92,522.92,522.92,522.92,302.59,302.59,302.59,302.59,302.59,302.59,302.59,302.59,302.59,302.59,96.35,96.35,54.55,54.55,54.55,54.55,54.55,54.55,62.7,62.7,62.7,62.7,62.7,62.7,62.7,62.7,62.7,62.7,62.7,62.7,62.7,62.7,9.6,9.6,9.6,9.6,9.6,9.6,9.6,8.97,8.97
78,78395.0,78395.0,13880.0,13880.0,12133.0,12133.0,12133.0,12133.0,12133.0,12133.0,3297.7,3297.7,2773.7,2773.7,2773.7,2773.7,2773.7,2773.7,2155.1,2155.1,2155.1,2155.1,2155.1,2155.1,2155.1,2155.1,2155.1,2155.1,724.5,724.5,549.79,549.79,549.79,549.79,549.79,549.79,321.72,321.72,321.72,321.72,321.72,321.72,321.72,321.72,321.72,321.72,103.1,103.1,57.6,57.6,57.6,57.6,57.6,57.6,73.18,73.18,73.18,73.18,73.18,73.18,73.18,73.18,73.18,73.18,73.18,73.18,73.18,73.18,9.6,9.6,9.6,9.6,9.6,9.6,9.6,9.6,9.6,9.0
79,80725.0,80725.0,14353.0,14353.0,12524.0,12524.0,12524.0,12524.0,12524.0,12524.0,3426.6,3426.6,2879.6,2879.6,2879.6,2879.6,2879.6,2879.6,2241.2,2241.2,2241.2,2241.2,2241.2,2241.2,2241.2,2241.2,2241.2,2241.2,761.38,761.38,578.85,578.85,578.85,578.85,578.85,578.85,342.62,342.62,342.62,342.62,342.62,342.62,342.62,342.62,342.62,342.62,109.36,109.36,62.61,62.61,62.61,62.61,62.61,62.61,85.92,85.92,85.92,85.92,85.92,85.92,85.92,85.92,85.92,85.92,85.92,85.92,85.92,85.92,11.66,11.66,11.66,11.66,11.66,11.66,11.66,11.66,11.66,11.66,9.23
80,83102.0,83102.0,14839.0,14839.0,12926.0,12926.0,12926.0,12926.0,12926.0,12926.0,3563.4,3563.4,2992.5,2992.5,2992.5,2992.5,2992.5,2992.5,2332.6,2332.6,2332.6,2332.6,2332.6,2332.6,2332.6,2332.6,2332.6,2332.6,802.76,802.76,610.15,610.15,610.15,610.15,610.15,610.15,368.11,368.11,368.11,368.11,368.11,368.11,368.11,368.11,368.11,368.11,123.52,123.52,70.13,70.13,70.13,70.13,70.13,70.13,102.05,102.05,102.05,102.05,102.05,102.05,102.05,102.05,102.05,102.05,102.05,102.05,102.05,102.05,12.8,12.8,12.8,12.8,12.8,12.8,12.8,12.8,12.8,12.8,10.44,10.44
81,85530.0,85530.0,15347.0,15347.0,13338.0,13338.0,13338.0,13338.0,13338.0,13338.0,3706.1,3706.1,3111.1,3111.1,3111.1,3111.1,3111.1,3111.1,2429.2,2429.2,2429.2,2429.2,2429.2,2429.2,2429.2,2429.2,2429.2,2429.2,847.28,847.28,647.6,647.6,647.6,647.6,647.6,647.6,394.89,394.89,394.89,394.89,394.89,394.89,394.89,394.89,394.89,394.89,136.15,136.15,82.63,82.63,82.63,82.63,82.63,82.63,120.99,120.99,120.99,120.99,120.99,120.99,120.99,120.99,120.99,120.99,120.99,120.99,120.99,120.99,14.99,14.99,14.99,14.99,14.99,14.99,14.99,14.99,14.99,14.99,8.0,8.0,6.11
82,88005.0,88005.0,15861.0,15861.0,13757.0,13757.0,13757.0,13757.0,13757.0,13757.0,3852.8,3852.8,3230.9,3230.9,3230.9,3230.9,3230.9,3230.9,2526.7,2526.7,2526.7,2526.7,2526.7,2526.7,2526.7,2526.7,2526.7,2526.7,894.2,894.2,685.05,685.05,685.05,685.05,685.05,685.05,422.62,422.62,422.62,422.62,422.62,422.62,422.62,422.62,422.62,422.62,149.4,149.4,92.61,92.61,92.61,92.61,92.61,92.61,140.59,140.59,140.59,140.59,140.59,140.59,140.59,140.59,140.59,140.59,140.59,140.59,140.59,140.59,20.9,20.9,20.9,20.9,20.9,20.9,20.9,20.9,20.9,20.9,10.0,10.0,7.42,7.42
83,90526.0,90526.0,16388.0,16388.0,14183.0,14183.0,14183.0,14183.0,14183.0,14183.0,4001.7,4001.7,3352.7,3352.7,3352.7,3352.7,3352.7,3352.7,2625.6,2625.6,2625.6,2625.6,2625.6,2625.6,2625.6,2625.6,2625.6,2625.6,940.8,940.8,723.69,723.69,723.69,723.69,723.69,723.69,452.16,452.16,452.16,452.16,452.16,452.16,452.16,452.16,452.16,452.16,161.87,161.87,103.56,103.56,103.56,103.56,103.56,103.56,161.95,161.95,161.95,161.95,161.95,161.95,161.95,161.95,161.95,161.95,161.95,161.95,161.95,161.95,27.76,27.76,27.76,27.76,27.76,27.76,27.76,27.76,27.76,27.76,12.0,12.0,7.29,7.29,7.29
84,93102.0,93102.0,16934.0,16934.0,14622.0,14622.0,14622.0,14622.0,14622.0,14622.0,4154.6,4154.6,3482.6,3482.6,3482.6,3482.6,3482.6,3482.6,2729.0,2729.0,2729.0,2729.0,2729.0,2729.0,2729.0,2729.0,2729.0,2729.0,992.27,992.27,760.92,760.92,760.92,760.92,760.92,760.92,484.11,484.11,484.11,484.11,484.11,484.11,484.11,484.11,484.11,484.11,179.25,179.25,117.03,117.03,117.03,117.03,117.03,117.03,185.46,185.46,185.46,185.46,185.46,185.46,185.46,185.46,185.46,185.46,185.46,185.46,185.46,185.46,34.16,34.16,34.16,34.16,34.16,34.16,34.16,34.16,34.16,34.16,15.0,15.0,8.42,8.42,8.42,8.42
85,95727.0,95727.0,17487.0,17487.0,15068.0,15068.0,15068.0,15068.0,15068.0,15068.0,4316.2,4316.2,3613.5,3613.5,3613.5,3613.5,3613.5,3613.5,2833.8,2833.8,2833.8,2833.8,2833.8,2833.8,2833.8,2833.8,2833.8,2833.8,1041.4,1041.4,799.68,799.68,799.68,799.68,799.68,799.68,515.2,515.2,515.2,515.2,515.2,515.2,515.2,515.2,515.2,515.2,194.7,194.7,128.63,128.63,128.63,128.63,128.63,128.63,208.51,208.51,208.51,208.51,208.51,208.51,208.51,208.51,208.51,208.51,208.51,208.51,208.51,208.51,42.2,42.2,42.2,42.2,42.2,42.2,42.2,42.2,42.2,42.2,19.0,19.0,9.87,9.87,9.87,9.87,9.87
86,98401.0,98401.0,18049.0,18049.0,15521.0,15521.0,15521.0,15521.0,15521.0,15521.0,4479.8,4479.8,3723.7,3723.7,3723.7,3723.7,3723.7,3723.7,2952.4,2952.4,2952.4,2952.4,2952.4,2952.4,2952.4,2952.4,2952.4,2952.4,1094.5,1094.5,837.84,837.84,837.84,837.84,837.84,837.84,546.6,546.6,546.6,546.6,546.6,546.6,546.6,546.6,546.6,546.6,210.8,210.8,140.38,140.38,140.38,140.38,140.38,140.38,232.19,232.19,232.19,232.19,232.19,232.19,232.19,232.19,232.19,232.19,232.19,232.19,232.19,232.19,49.16,49.16,49.16,49.16,49.16,49.16,49.16,49.16,49.16,49.16,24.0,24.0,11.83,11.83,11.83,11.83,11.83,11.83
87,101133.0,101133.0,18636.8,18636.8,15986.8,15986.8,15986.8,15986.8,15986.8,15986.8,4648.85,4648.85,3882.18,3882.18,3882.18,3882.18,3882.18,3882.18,3051.88,3051.88,3051.88,3051.88,3051.88,3051.88,3051.88,3051.88,3051.88,3051.88,1151.67,1151.67,939.96,939.96,939.96,939.96,939.96,939.96,583.97,583.97,583.97,583.97,583.97,583.97,583.97,583.97,583.97,583.97,230.95,230.95,155.52,155.52,155.52,155.52,155.52,155.52,259.01,259.01,259.01,259.01,259.01,259.01,259.01,259.01,259.01,259.01,259.01,259.01,259.01,259.01,59.98,59.98,59.98,59.98,59.98,59.98,59.98,59.98,59.98,59.98,33.0,33.0,15.67,15.67,15.67,15.67,15.67,15.67,4.0
88,103919.0,103919.0,18636.8,18636.8,16457.7,16457.7,16457.7,16457.7,16457.7,16457.7,4822.0,4822.0,4023.14,4023.14,4023.14,4023.14,4023.14,4023.14,3164.27,3164.27,3164.27,3164.27,3164.27,3164.27,3164.27,3164.27,3164.27,3164.27,1210.27,1210.27,939.96,939.96,939.96,939.96,939.96,939.96,618.05,618.05,618.05,618.05,618.05,618.05,618.05,618.05,618.05,618.05,253.93,253.93,170.56,170.56,170.56,170.56,170.56,170.56,291.12,291.12,291.12,291.12,291.12,291.12,291.12,291.12,291.12,291.12,291.12,291.12,291.12,291.12,69.28,69.28,69.28,69.28,69.28,69.28,69.28,69.28,69.28,69.28,40.0,40.0,21.0,21.0,21.0,21.0,21.0,21.0,5.28,5.28
89,106756.0,106756.0,19843.0,19843.0,16942.0,16942.0,16942.0,16942.0,16942.0,16942.0,5001.3,5001.3,4162.5,4162.5,4162.5,4162.5,4162.5,4162.5,3280.9,3280.9,3280.9,3280.9,3280.9,3280.9,3280.9,3280.9,3280.9,3280.9,1270.8,1270.8,977.04,977.04,977.04,977.04,977.04,977.04,656.34,656.34,656.34,656.34,656.34,656.34,656.34,656.34,656.34,656.34,273.75,273.75,186.42,186.42,186.42,186.42,186.42,186.42,314.34,314.34,314.34,314.34,314.34,314.34,314.34,314.34,314.34,314.34,314.34,314.34,314.34,314.34,82.47,82.47,82.47,82.47,82.47,82.47,82.47,82.47,82.47,82.47,45.0,45.0,24.33,24.33,24.33,24.33,24.33,24.33,5.7,5.17,5.17
90,109650.0,109650.0,20472.0,20472.0,17431.0,17431.0,17431.0,17431.0,17431.0,17431.0,5182.3,5182.3,4308.2,4308.2,4308.2,4308.2,4308.2,4308.2,3396.5,3396.5,3396.5,3396.5,3396.5,3396.5,3396.5,3396.5,3396.5,3396.5,1330.5,1330.5,1034.6,1034.6,1034.6,1034.6,1034.6,1034.6,691.58,691.58,691.58,691.58,691.58,691.58,691.58,691.58,691.58,691.58,291.85,291.85,198.13,198.13,198.13,198.13,198.13,198.13,338.79,338.79,338.79,338.79,338.79,338.79,338.79,338.79,338.79,338.79,338.79,338.79,338.79,338.79,90.06,90.06,90.06,90.06,90.06,90.06,90.06,90.06,90.06,90.06,50.0,50.0,27.67,27.67,27.67,27.67,27.67,27.67,6.0,6.0,6.08,6.08
91,112599.0,112599.0,21108.0,21108.0,17925.0,17925.0,17925.0,17925.0,17925.0,17925.0,5366.9,5366.9,4450.7,4450.7,4450.7,4450.7,4450.7,4450.7,3509.5,3509.5,3509.5,3509.5,3509.5,3509.5,3509.5,3509.5,3509.5,3509.5,1388.1,1388.1,1080.3,1080.3,1080.3,1080.3,1080.3,1080.3,724.19,724.19,724.19,724.19,724.19,724.19,724.19,724.19,724.19,724.19,310.4,310.4,213.77,213.77,213.77,213.77,213.77,213.77,365.1,365.1,365.1,365.1,365.1,365.1,365.1,365.1,365.1,365.1,365.1,365.1,365.1,365.1,95.45,95.45,95.45,95.45,95.45,95.45,95.45,95.45,95.45,95.45,48.35,48.35,26.02,26.02,26.02,26.02,26.02,26.02,6.0,6.0,6.0,5.89,5.89
92,115603.0,115603.0,21757.0,21757.0,18427.0,18427.0,18427.0,18427.0,18427.0,18427.0,5548.0,5548.0,4597.4,4597.4,4597.4,4597.4,4597.4,4597.4,3623.8,3623.8,3623.8,3623.8,3623.8,3623.8,3623.8,3623.8,3623.8,3623.8,1442.5,1442.5,1121.3,1121.3,1121.3,1121.3,1121.3,1121.3,755.1,755.1,755.1,755.1,755.1,755.1,755.1,755.1,755.1,755.1,324.5,324.5,218.13,218.13,218.13,218.13,218.13,218.13,384.78,384.78,384.78,384.78,384.78,384.78,384.78,384.78,384.78,384.78,384.78,384.78,384.78,384.78,99.7,99.7,99.7,99.7,99.7,99.7,99.7,99.7,99.7,99.7,52.02,52.02,26.66,26.66,26.66,26.66,26.66,26.66,6.0,6.0,6.0,6.1,6.19,6.19
93,118673.0,118673.0,22427.0,22427.0,18941.0,18941.0,18941.0,18941.0,18941.0,18941.0,5731.4,5731.4,4746.2,4746.2,4746.2,4746.2,4746.2,4746.2,3740.5,3740.5,3740.5,3740.5,3740.5,3740.5,3740.5,3740.5,3740.5,3740.5,1501.6,1501.6,1167.4,1167.4,1167.4,1167.4,1167.4,1167.4,789.62,789.62,789.62,789.62,789.62,789.62,789.62,789.62,789.62,789.62,342.9,342.9,231.64,231.64,231.64,231.64,231.64,231.64,409.72,409.72,409.72,409.72,409.72,409.72,409.72,409.72,409.72,409.72,409.72,409.72,409.72,409.72,106.04,106.04,106.04,106.04,106.04,106.04,106.04,106.04,106.04,106.04,52.0,52.0,27.03,27.03,27.03,27.03,27.03,27.03,6.0,6.0,6.0,6.0,6.0,6.27,6.27
94,121805.0,121805.0,23098.0,23098.0,19460.0,19460.0,19460.0,19460.0,19460.0,19460.0,5932.9,5932.9,4884.8,4884.8,4884.8,4884.8,4884.8,4884.8,3857.5,3857.5,3857.5,3857.5,3857.5,3857.5,3857.5,3857.5,3857.5,3857.5,1560.3,1560.3,1206.7,1206.7,1206.7,1206.7,1206.7,1206.7,821.57,821.57,821.57,821.57,821.57,821.57,821.57,821.57,821.57,821.57,353.27,353.27,236.53,236.53,236.53,236.53,236.53,236.53,434.96,434.96,434.96,434.96,434.96,434.96,434.96,434.96,434.96,434.96,434.96,434.96,434.96,434.96,111.19,111.19,111.19,111.19,111.19,111.19,111.19,111.19,111.19,111.19,50.8,50.8,25.96,25.96,25.96,25.96,25.96,25.96,6.0,6.0,6.0,6.0,6.0,6.0,6.06,6.06
95,125004.0,125004.0,23789.0,23789.0,19986.0,19986.0,19986.0,19986.0,19986.0,19986.0,6126.6,6126.6,5033.9,5033.9,5033.9,5033.9,5033.9,5033.9,3972.5,3972.5,3972.5,3972.5,3972.5,3972.5,3972.5,3972.5,3972.5,3972.5,1619.8,1619.8,1247.5,1247.5,1247.5,1247.5,1247.5,1247.5,851.75,851.75,851.75,851.75,851.75,851.75,851.75,851.75,851.75,851.75,359.67,359.67,245.64,245.64,245.64,245.64,245.64,245.64,456.19,456.19,456.19,456.19,456.19,456.19,456.19,456.19,456.19,456.19,456.19,456.19,456.19,456.19,112.41,112.41,112.41,112.41,112.41,112.41,112.41,112.41,112.41,112.41,52.2,52.2,35.79,35.79,35.79,35.79,35.79,35.79,6.0,6.0,6.0,6.0,6.0,6.0,6.0,5.99,5.99
96,128230.0,128230.0,24494.0,24494.0,20541.0,20541.0,20541.0,20541.0,20541.0,20541.0,6315.2,6315.2,5185.9,5185.9,5185.9,5185.9,5185.9,5185.9,4092.3,4092.3,4092.3,4092.3,4092.3,4092.3,4092.3,4092.3,4092.3,4092.3,1665.2,1665.2,1283.4,1283.4,1283.4,1283.4,1283.4,1283.4,886.4,886.4,886.4,886.4,886.4,886.4,886.4,886.4,886.4,886.4,387.23,387.23,261.44,261.44,261.44,261.44,261.44,261.44,481.14,481.14,481.14,481.14,481.14,481.14,481.14,481.14,481.14,481.14,481.14,481.14,481.14,481.14,120.3,120.3,120.3,120.3,120.3,120.3,120.3,120.3,120.3,120.3,58.45,58.45,29.46,29.46,29.46,29.46,29.46,29.46,11.0,11.0,11.0,11.0,11.0,11.0,11.0,5.0,6.02,6.02
97,131573.0,131573.0,25267.0,25267.0,21089.0,21089.0,21089.0,21089.0,21089.0,21089.0,6551.8,6551.8,5365.3,5365.3,5365.3,5365.3,5365.3,5365.3,4223.5,4223.5,4223.5,4223.5,4223.5,4223.5,4223.5,4223.5,4223.5,4223.5,1744.1,1744.1,1344.5,1344.5,1344.5,1344.5,1344.5,1344.5,922.36,922.36,922.36,922.36,922.36,922.36,922.36,922.36,922.36,922.36,401.33,401.33,273.93,273.93,273.93,273.93,273.93,273.93,508.09,508.09,508.09,508.09,508.09,508.09,508.09,508.09,508.09,508.09,508.09,508.09,508.09,508.09,126.21,126.21,126.21,126.21,126.21,126.21,126.21,126.21,126.21,126.21,59.35,59.35,30.5,30.5,30.5,30.5,30.5,30.5,12.0,12.0,12.0,12.0,12.0,12.0,12.0,12.0,12.0,6.23,6.23
98,134952.0,134952.0,26065.0,26065.0,21673.0,21673.0,21673.0,21673.0,21673.0,21673.0,6759.0,6759.0,5526.5,5526.5,5526.5,5526.5,5526.5,5526.5,4346.6,4346.6,4346.6,4346.6,4346.6,4346.6,4346.6,4346.6,4346.6,4346.6,1801.3,1801.3,1392.2,1392.2,1392.2,1392.2,1392.2,1392.2,954.85,954.85,954.85,954.85,954.85,954.85,954.85,954.85,954.85,954.85,418.2,418.2,279.92,279.92,279.92,279.92,279.92,279.92,532.64,532.64,532.64,532.64,532.64,532.64,532.64,532.64,532.64,532.64,532.64,532.64,532.64,532.64,131.1,131.1,131.1,131.1,131.1,131.1,131.1,131.1,131.1,131.1,59.55,59.55,28.77,28.77,28.77,28.77,28.77,28.77,9.0,9.0,9.0,9.0,9.0,9.0,9.0,9.0,9.0,9.0,6.3,6.3
99,138446.0,138446.0,26843.0,26843.0,22247.0,22247.0,22247.0,22247.0,22247.0,22247.0,6981.2,6981.2,5693.4,5693.4,5693.4,5693.4,5693.4,5693.4,4473.0,4473.0,4473.0,4473.0,4473.0,4473.0,4473.0,4473.0,4473.0,4473.0,1869.7,1869.7,1442.1,1442.1,1442.1,1442.1,1442.1,1442.1,989.5,989.5,989.5,989.5,989.5,989.5,989.5,989.5,989.5,989.5,435.53,435.53,291.3,291.3,291.3,291.3,291.3,291.3,560.11,560.11,560.11,560.11,560.11,560.11,560.11,560.11,560.11,560.11,560.11,560.11,560.11,560.11,138.37,138.37,138.37,138.37,138.37,138.37,138.37,138.37,138.37,138.37,61.7,61.7,29.62,29.62,29.62,29.62,29.62,29.62,9.0,9.0,9.0,9.0,9.0,9.0,9.0,9.0,9.0,9.0,9.0,6.42,6.42
100,142010.0,142010.0,27637.0,27637.0,22833.0,22833.0,22833.0,22833.0,22833.0,22833.0,7208.8,7208.8,5863.7,5863.7,5863.7,5863.7,5863.7,5863.7,4602.7,4602.7,4602.7,4602.7,4602.7,4602.7,4602.7,4602.7,4602.7,4602.7,1941.4,1941.4,1495.5,1495.5,1495.5,1495.5,1495.5,1495.5,1028.9,1028.9,1028.9,1028.9,1028.9,1028.9,1028.9,1028.9,1028.9,1028.9,456.13,456.13,304.83,304.83,304.83,304.83,304.83,304.83,590.02,590.02,590.02,590.02,590.02,590.02,590.02,590.02,590.02,590.02,590.02,590.02,590.02,590.02,146.74,146.74,146.74,146.74,146.74,146.74,146.74,146.74,146.74,146.74,65.85,65.85,33.35,33.35,33.35,33.35,33.35,33.35,15.0,15.0,15.0,15.0,15.0,15.0,15.0,15.0,15.0,15.0,15.0,15.0,6.5,6.5
101,145658.0,145658.0,28462.0,28462.0,23425.0,23425.0,23425.0,23425.0,23425.0,23425.0,7443.3,7443.3,6037.0,6037.0,6037.0,6037.0,6037.0,6037.0,4732.3,4732.3,4732.3,4732.3,4732.3,4732.3,4732.3,4732.3,4732.3,4732.3,2011.4,2011.4,1545.7,1545.7,1545.7,1545.7,1545.7,1545.7,1073.0,1073.0,1073.0,1073.0,1073.0,1073.0,1073.0,1073.0,1073.0,1073.0,478.7,478.7,319.98,319.98,319.98,319.98,319.98,319.98,626.95,626.95,626.95,626.95,626.95,626.95,626.95,626.95,626.95,626.95,626.95,626.95,626.95,626.95,152.1,152.1,152.1,152.1,152.1,152.1,152.1,152.1,152.1,152.1,67.05,67.05,31.42,31.42,31.42,31.42,31.42,31.42,12.29,12.29,12.29,12.29,12.29,12.29,12.29,12.29,12.29,12.29,12.29,12.29,12.29,6.58,6.58
102,149379.0,149379.0,29304.0,29304.0,24029.0,24029.0,24029.0,24029.0,24029.0,24029.0,7680.0,7680.0,6210.3,6210.3,6210.3,6210.3,6210.3,6210.3,4860.8,4860.8,4860.8,4860.8,4860.8,4860.8,4860.8,4860.8,4860.8,4860.8,2083.1,2083.1,1596.5,1596.5,1596.5,1596.5,1596.5,1596.5,1099.6,1099.6,1099.6,1099.6,1099.6,1099.6,1099.6,1099.6,1099.6,1099.6,489.4,489.4,326.07,326.07,326.07,326.07,326.07,326.07,640.7,640.7,640.7,640.7,640.7,640.7,640.7,640.7,640.7,640.7,640.7,640.7,640.7,640.7,155.12,155.12,155.12,155.12,155.12,155.12,155.12,155.12,155.12,155.12,68.25,68.25,31.67,31.67,31.67,31.67,31.67,31.67,12.29,12.29,12.29,12.29,12.29,12.29,12.29,12.29,12.29,12.29,12.29,12.29,12.29,12.29,6.65,6.65
103,153181.0,153181.0,30165.5,30165.5,24639.7,24639.7,24639.7,24639.7,24639.7,24639.7,7918.55,7918.55,6347.0,6347.0,6347.0,6347.0,6347.0,6347.0,4989.5,4989.5,4989.5,4989.5,4989.5,4989.5,4989.5,4989.5,4989.5,4989.5,2158.7,2158.7,1650.2,1650.2,1650.2,1650.2,1650.2,1650.2,1144.1,1144.1,1144.1,1144.1,1144.1,1144.1,1144.1,1144.1,1144.1,1144.1,509.2,509.2,344.95,344.95,344.95,344.95,344.95,344.95,675.01,675.01,675.01,675.01,675.01,675.01,675.01,675.01,675.01,675.01,675.01,675.01,675.01,675.01,166.95,166.95,166.95,166.95,166.95,166.95,166.95,166.95,166.95,166.95,75.3,75.3,36.18,36.18,36.18,36.18,36.18,36.18,18.29,18.29,18.29,18.29,18.29,18.29,18.29,18.29,18.29,18.29,18.29,18.29,18.29,18.29,4.0,7.0,7.0

